blind_id,report_access,second_reviewer_decision,unique_primary_reason,page_table_abstract_basis,notes
R001,ABSTRACT/PREVIEW,TRANSFER-METHOD,"Transferable method directly addresses a prespecified measurement-chain stage such as acquisition, registration, reference-surface modelling, segmentation, uncertainty, or three-dimensional change detection.",Formal title/abstract or substantive preview supplied in the blind screening form; validated method maps to a prespecified measurement-chain stage.,
R002,ABSTRACT/PREVIEW,DIRECT-EMPIRICAL,"Directly evaluates a stockpile or bulk-material geometry, volume, mass, inventory, or a directly targeted measurement-chain component in the intended domain.",Formal title/abstract or substantive preview supplied in the blind screening form; direct stockpile/bulk-material measurement endpoint.,
R003,ABSTRACT/PREVIEW,MOVE-SUPPORT,"Foundational standard, general algorithm, terminology source, or review-reporting guidance is useful as supporting context rather than empirical stockpile/transfer validation evidence.",Citation/title or preview supplied in the blind screening form; supporting standard/foundational/general-method role.,
R004,ABSTRACT/PREVIEW,TRANSFER-METHOD,"Transferable method directly addresses a prespecified measurement-chain stage such as acquisition, registration, reference-surface modelling, segmentation, uncertainty, or three-dimensional change detection.",Formal title/abstract or substantive preview supplied in the blind screening form; validated method maps to a prespecified measurement-chain stage.,
R005,ABSTRACT/PREVIEW,TRANSFER-METHOD,"Transferable method directly addresses a prespecified measurement-chain stage such as acquisition, registration, reference-surface modelling, segmentation, uncertainty, or three-dimensional change detection.",Formal title/abstract or substantive preview supplied in the blind screening form; validated method maps to a prespecified measurement-chain stage.,
R006,ABSTRACT/PREVIEW,EXCLUDE-OTHER,Outside stockpile or bulk-material measurement and does not provide necessary transferable evidence for the specified three-dimensional measurement chain.,Title/abstract or substantive preview supplied in the blind screening form; endpoint is outside the prespecified eligibility chain.,
R007,ABSTRACT/PREVIEW,EXCLUDE-OTHER,Outside stockpile or bulk-material measurement and does not provide necessary transferable evidence for the specified three-dimensional measurement chain.,Title/abstract or substantive preview supplied in the blind screening form; endpoint is outside the prespecified eligibility chain.,
R008,ABSTRACT/PREVIEW,EXCLUDE-OTHER,Outside stockpile or bulk-material measurement and does not provide necessary transferable evidence for the specified three-dimensional measurement chain.,Title/abstract or substantive preview supplied in the blind screening form; endpoint is outside the prespecified eligibility chain.,
R009,ABSTRACT/PREVIEW,SUPPORT-BACKGROUND,"Relevant sensing or robotics context, but it does not provide a necessary validated contribution to the stockpile three-dimensional measurement chain.",Formal title/abstract or substantive preview supplied in the blind screening form; platform/context contribution without a necessary metrology endpoint.,
R010,ABSTRACT/PREVIEW,SPECIALIST-REVIEW,Specialist review synthesizes stockpile volumetry or directly relevant three-dimensional measurement/change methods.,Formal title/abstract or substantive preview supplied in the blind screening form; review scope directly covers the target measurement problem.,
R011,ABSTRACT/PREVIEW,DIRECT-EMPIRICAL,"Directly evaluates a stockpile or bulk-material geometry, volume, mass, inventory, or a directly targeted measurement-chain component in the intended domain.",Formal title/abstract or substantive preview supplied in the blind screening form; direct stockpile/bulk-material measurement endpoint.,
R012,ABSTRACT/PREVIEW,DIRECT-EMPIRICAL,"Directly evaluates a stockpile or bulk-material geometry, volume, mass, inventory, or a directly targeted measurement-chain component in the intended domain.",Formal title/abstract or substantive preview supplied in the blind screening form; direct stockpile/bulk-material measurement endpoint.,
R013,ABSTRACT/PREVIEW,TRANSFER-METHOD,"Transferable method directly addresses a prespecified measurement-chain stage such as acquisition, registration, reference-surface modelling, segmentation, uncertainty, or three-dimensional change detection.",Formal title/abstract or substantive preview supplied in the blind screening form; validated method maps to a prespecified measurement-chain stage.,
R014,ABSTRACT/PREVIEW,TRANSFER-METHOD,"Transferable method directly addresses a prespecified measurement-chain stage such as acquisition, registration, reference-surface modelling, segmentation, uncertainty, or three-dimensional change detection.",Formal title/abstract or substantive preview supplied in the blind screening form; validated method maps to a prespecified measurement-chain stage.,
R015,ABSTRACT/PREVIEW,EXCLUDE-OTHER,Outside stockpile or bulk-material measurement and does not provide necessary transferable evidence for the specified three-dimensional measurement chain.,Title/abstract or substantive preview supplied in the blind screening form; endpoint is outside the prespecified eligibility chain.,
R016,ABSTRACT/PREVIEW,EXCLUDE-OTHER,Outside stockpile or bulk-material measurement and does not provide necessary transferable evidence for the specified three-dimensional measurement chain.,Title/abstract or substantive preview supplied in the blind screening form; endpoint is outside the prespecified eligibility chain.,
R017,ABSTRACT/PREVIEW,DIRECT-EMPIRICAL,"Directly evaluates a stockpile or bulk-material geometry, volume, mass, inventory, or a directly targeted measurement-chain component in the intended domain.",Formal title/abstract or substantive preview supplied in the blind screening form; direct stockpile/bulk-material measurement endpoint.,
R018,ABSTRACT/PREVIEW,EXCLUDE-OTHER,Outside stockpile or bulk-material measurement and does not provide necessary transferable evidence for the specified three-dimensional measurement chain.,Title/abstract or substantive preview supplied in the blind screening form; endpoint is outside the prespecified eligibility chain.,
R019,ABSTRACT/PREVIEW,EXCLUDE-OTHER,Outside stockpile or bulk-material measurement and does not provide necessary transferable evidence for the specified three-dimensional measurement chain.,Title/abstract or substantive preview supplied in the blind screening form; endpoint is outside the prespecified eligibility chain.,
R020,ABSTRACT/PREVIEW,EXCLUDE-OVERLAP,The record materially overlaps another version of the same work in the frozen corpus and should not be counted as a separate evidential report.,Title/citation metadata supplied in the blind screening form; same or materially overlapping work identifiable elsewhere in the frozen corpus.,Apparent preprint/version overlap with R079; adjudicate at reconciliation if version-specific content is needed.
R021,ABSTRACT/PREVIEW,SUPPORT-BACKGROUND,"Relevant sensing or robotics context, but it does not provide a necessary validated contribution to the stockpile three-dimensional measurement chain.",Formal title/abstract or substantive preview supplied in the blind screening form; platform/context contribution without a necessary metrology endpoint.,
R022,ABSTRACT/PREVIEW,EXCLUDE-OTHER,Outside stockpile or bulk-material measurement and does not provide necessary transferable evidence for the specified three-dimensional measurement chain.,Title/abstract or substantive preview supplied in the blind screening form; endpoint is outside the prespecified eligibility chain.,
R023,ABSTRACT/PREVIEW,MOVE-SUPPORT,"Foundational standard, general algorithm, terminology source, or review-reporting guidance is useful as supporting context rather than empirical stockpile/transfer validation evidence.",Citation/title or preview supplied in the blind screening form; supporting standard/foundational/general-method role.,
R024,NOT-RETRIEVED,ABSTRACT-ONLY,"Potentially relevant measurement endpoint is indicated, but the supplied record is insufficient to establish a stronger empirical or transferable evidential role.",Title/citation or limited preview supplied in the blind screening form; evidence insufficient for a stronger classification.,
R025,ABSTRACT/PREVIEW,DIRECT-EMPIRICAL,"Directly evaluates a stockpile or bulk-material geometry, volume, mass, inventory, or a directly targeted measurement-chain component in the intended domain.",Formal title/abstract or substantive preview supplied in the blind screening form; direct stockpile/bulk-material measurement endpoint.,
R026,ABSTRACT/PREVIEW,DIRECT-EMPIRICAL,"Directly evaluates a stockpile or bulk-material geometry, volume, mass, inventory, or a directly targeted measurement-chain component in the intended domain.",Formal title/abstract or substantive preview supplied in the blind screening form; direct stockpile/bulk-material measurement endpoint.,
R027,ABSTRACT/PREVIEW,EXCLUDE-OTHER,Outside stockpile or bulk-material measurement and does not provide necessary transferable evidence for the specified three-dimensional measurement chain.,Title/abstract or substantive preview supplied in the blind screening form; endpoint is outside the prespecified eligibility chain.,
R028,ABSTRACT/PREVIEW,ABSTRACT-ONLY,"Potentially relevant measurement endpoint is indicated, but the supplied record is insufficient to establish a stronger empirical or transferable evidential role.",Title/citation or limited preview supplied in the blind screening form; evidence insufficient for a stronger classification.,
R029,ABSTRACT/PREVIEW,EXCLUDE-OTHER,Outside stockpile or bulk-material measurement and does not provide necessary transferable evidence for the specified three-dimensional measurement chain.,Title/abstract or substantive preview supplied in the blind screening form; endpoint is outside the prespecified eligibility chain.,
R030,ABSTRACT/PREVIEW,TRANSFER-METHOD,"Transferable method directly addresses a prespecified measurement-chain stage such as acquisition, registration, reference-surface modelling, segmentation, uncertainty, or three-dimensional change detection.",Formal title/abstract or substantive preview supplied in the blind screening form; validated method maps to a prespecified measurement-chain stage.,
R031,ABSTRACT/PREVIEW,EXCLUDE-OTHER,Outside stockpile or bulk-material measurement and does not provide necessary transferable evidence for the specified three-dimensional measurement chain.,Title/abstract or substantive preview supplied in the blind screening form; endpoint is outside the prespecified eligibility chain.,
R032,ABSTRACT/PREVIEW,EXCLUDE-OTHER,Outside stockpile or bulk-material measurement and does not provide necessary transferable evidence for the specified three-dimensional measurement chain.,Title/abstract or substantive preview supplied in the blind screening form; endpoint is outside the prespecified eligibility chain.,
R033,ABSTRACT/PREVIEW,EXCLUDE-OTHER,Outside stockpile or bulk-material measurement and does not provide necessary transferable evidence for the specified three-dimensional measurement chain.,Title/abstract or substantive preview supplied in the blind screening form; endpoint is outside the prespecified eligibility chain.,
R034,ABSTRACT/PREVIEW,DIRECT-EMPIRICAL,"Directly evaluates a stockpile or bulk-material geometry, volume, mass, inventory, or a directly targeted measurement-chain component in the intended domain.",Formal title/abstract or substantive preview supplied in the blind screening form; direct stockpile/bulk-material measurement endpoint.,
R035,ABSTRACT/PREVIEW,MOVE-SUPPORT,"Foundational standard, general algorithm, terminology source, or review-reporting guidance is useful as supporting context rather than empirical stockpile/transfer validation evidence.",Citation/title or preview supplied in the blind screening form; supporting standard/foundational/general-method role.,
R036,ABSTRACT/PREVIEW,EXCLUDE-OTHER,Outside stockpile or bulk-material measurement and does not provide necessary transferable evidence for the specified three-dimensional measurement chain.,Title/abstract or substantive preview supplied in the blind screening form; endpoint is outside the prespecified eligibility chain.,
R037,ABSTRACT/PREVIEW,DIRECT-EMPIRICAL,"Directly evaluates a stockpile or bulk-material geometry, volume, mass, inventory, or a directly targeted measurement-chain component in the intended domain.",Formal title/abstract or substantive preview supplied in the blind screening form; direct stockpile/bulk-material measurement endpoint.,
R038,ABSTRACT/PREVIEW,EXCLUDE-OTHER,Outside stockpile or bulk-material measurement and does not provide necessary transferable evidence for the specified three-dimensional measurement chain.,Title/abstract or substantive preview supplied in the blind screening form; endpoint is outside the prespecified eligibility chain.,
R039,ABSTRACT/PREVIEW,DIRECT-EMPIRICAL,"Directly evaluates a stockpile or bulk-material geometry, volume, mass, inventory, or a directly targeted measurement-chain component in the intended domain.",Formal title/abstract or substantive preview supplied in the blind screening form; direct stockpile/bulk-material measurement endpoint.,
R040,ABSTRACT/PREVIEW,EXCLUDE-OTHER,Outside stockpile or bulk-material measurement and does not provide necessary transferable evidence for the specified three-dimensional measurement chain.,Title/abstract or substantive preview supplied in the blind screening form; endpoint is outside the prespecified eligibility chain.,
R041,ABSTRACT/PREVIEW,TRANSFER-METHOD,"Transferable method directly addresses a prespecified measurement-chain stage such as acquisition, registration, reference-surface modelling, segmentation, uncertainty, or three-dimensional change detection.",Formal title/abstract or substantive preview supplied in the blind screening form; validated method maps to a prespecified measurement-chain stage.,
R042,ABSTRACT/PREVIEW,EXCLUDE-OTHER,Outside stockpile or bulk-material measurement and does not provide necessary transferable evidence for the specified three-dimensional measurement chain.,Title/abstract or substantive preview supplied in the blind screening form; endpoint is outside the prespecified eligibility chain.,
R043,ABSTRACT/PREVIEW,TRANSFER-METHOD,"Transferable method directly addresses a prespecified measurement-chain stage such as acquisition, registration, reference-surface modelling, segmentation, uncertainty, or three-dimensional change detection.",Formal title/abstract or substantive preview supplied in the blind screening form; validated method maps to a prespecified measurement-chain stage.,
R044,ABSTRACT/PREVIEW,EXCLUDE-OTHER,Outside stockpile or bulk-material measurement and does not provide necessary transferable evidence for the specified three-dimensional measurement chain.,Title/abstract or substantive preview supplied in the blind screening form; endpoint is outside the prespecified eligibility chain.,
R045,ABSTRACT/PREVIEW,EXCLUDE-OTHER,Outside stockpile or bulk-material measurement and does not provide necessary transferable evidence for the specified three-dimensional measurement chain.,Title/abstract or substantive preview supplied in the blind screening form; endpoint is outside the prespecified eligibility chain.,
R046,ABSTRACT/PREVIEW,EXCLUDE-OTHER,Outside stockpile or bulk-material measurement and does not provide necessary transferable evidence for the specified three-dimensional measurement chain.,Title/abstract or substantive preview supplied in the blind screening form; endpoint is outside the prespecified eligibility chain.,
R047,ABSTRACT/PREVIEW,DIRECT-EMPIRICAL,"Directly evaluates a stockpile or bulk-material geometry, volume, mass, inventory, or a directly targeted measurement-chain component in the intended domain.",Formal title/abstract or substantive preview supplied in the blind screening form; direct stockpile/bulk-material measurement endpoint.,
R048,ABSTRACT/PREVIEW,EXCLUDE-OTHER,Outside stockpile or bulk-material measurement and does not provide necessary transferable evidence for the specified three-dimensional measurement chain.,Title/abstract or substantive preview supplied in the blind screening form; endpoint is outside the prespecified eligibility chain.,
R049,ABSTRACT/PREVIEW,EXCLUDE-OTHER,Outside stockpile or bulk-material measurement and does not provide necessary transferable evidence for the specified three-dimensional measurement chain.,Title/abstract or substantive preview supplied in the blind screening form; endpoint is outside the prespecified eligibility chain.,
R050,ABSTRACT/PREVIEW,EXCLUDE-OTHER,Outside stockpile or bulk-material measurement and does not provide necessary transferable evidence for the specified three-dimensional measurement chain.,Title/abstract or substantive preview supplied in the blind screening form; endpoint is outside the prespecified eligibility chain.,
R051,ABSTRACT/PREVIEW,TRANSFER-METHOD,"Transferable method directly addresses a prespecified measurement-chain stage such as acquisition, registration, reference-surface modelling, segmentation, uncertainty, or three-dimensional change detection.",Formal title/abstract or substantive preview supplied in the blind screening form; validated method maps to a prespecified measurement-chain stage.,
R052,ABSTRACT/PREVIEW,DIRECT-EMPIRICAL,"Directly evaluates a stockpile or bulk-material geometry, volume, mass, inventory, or a directly targeted measurement-chain component in the intended domain.",Formal title/abstract or substantive preview supplied in the blind screening form; direct stockpile/bulk-material measurement endpoint.,
R053,ABSTRACT/PREVIEW,TRANSFER-METHOD,"Transferable method directly addresses a prespecified measurement-chain stage such as acquisition, registration, reference-surface modelling, segmentation, uncertainty, or three-dimensional change detection.",Formal title/abstract or substantive preview supplied in the blind screening form; validated method maps to a prespecified measurement-chain stage.,
R054,ABSTRACT/PREVIEW,TRANSFER-METHOD,"Transferable method directly addresses a prespecified measurement-chain stage such as acquisition, registration, reference-surface modelling, segmentation, uncertainty, or three-dimensional change detection.",Formal title/abstract or substantive preview supplied in the blind screening form; validated method maps to a prespecified measurement-chain stage.,
R055,ABSTRACT/PREVIEW,EXCLUDE-OTHER,Outside stockpile or bulk-material measurement and does not provide necessary transferable evidence for the specified three-dimensional measurement chain.,Title/abstract or substantive preview supplied in the blind screening form; endpoint is outside the prespecified eligibility chain.,
R056,ABSTRACT/PREVIEW,TRANSFER-METHOD,"Transferable method directly addresses a prespecified measurement-chain stage such as acquisition, registration, reference-surface modelling, segmentation, uncertainty, or three-dimensional change detection.",Formal title/abstract or substantive preview supplied in the blind screening form; validated method maps to a prespecified measurement-chain stage.,
R057,ABSTRACT/PREVIEW,TRANSFER-METHOD,"Transferable method directly addresses a prespecified measurement-chain stage such as acquisition, registration, reference-surface modelling, segmentation, uncertainty, or three-dimensional change detection.",Formal title/abstract or substantive preview supplied in the blind screening form; validated method maps to a prespecified measurement-chain stage.,
R058,ABSTRACT/PREVIEW,EXCLUDE-OTHER,Outside stockpile or bulk-material measurement and does not provide necessary transferable evidence for the specified three-dimensional measurement chain.,Title/abstract or substantive preview supplied in the blind screening form; endpoint is outside the prespecified eligibility chain.,
R059,ABSTRACT/PREVIEW,TRANSFER-METHOD,"Transferable method directly addresses a prespecified measurement-chain stage such as acquisition, registration, reference-surface modelling, segmentation, uncertainty, or three-dimensional change detection.",Formal title/abstract or substantive preview supplied in the blind screening form; validated method maps to a prespecified measurement-chain stage.,
R060,ABSTRACT/PREVIEW,TRANSFER-METHOD,"Transferable method directly addresses a prespecified measurement-chain stage such as acquisition, registration, reference-surface modelling, segmentation, uncertainty, or three-dimensional change detection.",Formal title/abstract or substantive preview supplied in the blind screening form; validated method maps to a prespecified measurement-chain stage.,
R061,ABSTRACT/PREVIEW,EXCLUDE-OTHER,Outside stockpile or bulk-material measurement and does not provide necessary transferable evidence for the specified three-dimensional measurement chain.,Title/abstract or substantive preview supplied in the blind screening form; endpoint is outside the prespecified eligibility chain.,
R062,ABSTRACT/PREVIEW,EXCLUDE-OTHER,Outside stockpile or bulk-material measurement and does not provide necessary transferable evidence for the specified three-dimensional measurement chain.,Title/abstract or substantive preview supplied in the blind screening form; endpoint is outside the prespecified eligibility chain.,
R063,ABSTRACT/PREVIEW,SUPPORT-BACKGROUND,"Relevant sensing or robotics context, but it does not provide a necessary validated contribution to the stockpile three-dimensional measurement chain.",Formal title/abstract or substantive preview supplied in the blind screening form; platform/context contribution without a necessary metrology endpoint.,
R064,ABSTRACT/PREVIEW,EXCLUDE-OTHER,Outside stockpile or bulk-material measurement and does not provide necessary transferable evidence for the specified three-dimensional measurement chain.,Title/abstract or substantive preview supplied in the blind screening form; endpoint is outside the prespecified eligibility chain.,
R065,ABSTRACT/PREVIEW,MOVE-SUPPORT,"Foundational standard, general algorithm, terminology source, or review-reporting guidance is useful as supporting context rather than empirical stockpile/transfer validation evidence.",Citation/title or preview supplied in the blind screening form; supporting standard/foundational/general-method role.,
R066,ABSTRACT/PREVIEW,EXCLUDE-OTHER,Outside stockpile or bulk-material measurement and does not provide necessary transferable evidence for the specified three-dimensional measurement chain.,Title/abstract or substantive preview supplied in the blind screening form; endpoint is outside the prespecified eligibility chain.,
R067,ABSTRACT/PREVIEW,DIRECT-EMPIRICAL,"Directly evaluates a stockpile or bulk-material geometry, volume, mass, inventory, or a directly targeted measurement-chain component in the intended domain.",Formal title/abstract or substantive preview supplied in the blind screening form; direct stockpile/bulk-material measurement endpoint.,
R068,ABSTRACT/PREVIEW,TRANSFER-METHOD,"Transferable method directly addresses a prespecified measurement-chain stage such as acquisition, registration, reference-surface modelling, segmentation, uncertainty, or three-dimensional change detection.",Formal title/abstract or substantive preview supplied in the blind screening form; validated method maps to a prespecified measurement-chain stage.,
R069,ABSTRACT/PREVIEW,EXCLUDE-OTHER,Outside stockpile or bulk-material measurement and does not provide necessary transferable evidence for the specified three-dimensional measurement chain.,Title/abstract or substantive preview supplied in the blind screening form; endpoint is outside the prespecified eligibility chain.,
R070,ABSTRACT/PREVIEW,EXCLUDE-OTHER,Outside stockpile or bulk-material measurement and does not provide necessary transferable evidence for the specified three-dimensional measurement chain.,Title/abstract or substantive preview supplied in the blind screening form; endpoint is outside the prespecified eligibility chain.,
R071,ABSTRACT/PREVIEW,TRANSFER-METHOD,"Transferable method directly addresses a prespecified measurement-chain stage such as acquisition, registration, reference-surface modelling, segmentation, uncertainty, or three-dimensional change detection.",Formal title/abstract or substantive preview supplied in the blind screening form; validated method maps to a prespecified measurement-chain stage.,
R072,ABSTRACT/PREVIEW,EXCLUDE-OTHER,Outside stockpile or bulk-material measurement and does not provide necessary transferable evidence for the specified three-dimensional measurement chain.,Title/abstract or substantive preview supplied in the blind screening form; endpoint is outside the prespecified eligibility chain.,
R073,ABSTRACT/PREVIEW,SUPPORT-BACKGROUND,"Relevant sensing or robotics context, but it does not provide a necessary validated contribution to the stockpile three-dimensional measurement chain.",Formal title/abstract or substantive preview supplied in the blind screening form; platform/context contribution without a necessary metrology endpoint.,
R074,ABSTRACT/PREVIEW,TRANSFER-METHOD,"Transferable method directly addresses a prespecified measurement-chain stage such as acquisition, registration, reference-surface modelling, segmentation, uncertainty, or three-dimensional change detection.",Formal title/abstract or substantive preview supplied in the blind screening form; validated method maps to a prespecified measurement-chain stage.,
R075,ABSTRACT/PREVIEW,DIRECT-EMPIRICAL,"Directly evaluates a stockpile or bulk-material geometry, volume, mass, inventory, or a directly targeted measurement-chain component in the intended domain.",Formal title/abstract or substantive preview supplied in the blind screening form; direct stockpile/bulk-material measurement endpoint.,
R076,ABSTRACT/PREVIEW,DIRECT-EMPIRICAL,"Directly evaluates a stockpile or bulk-material geometry, volume, mass, inventory, or a directly targeted measurement-chain component in the intended domain.",Formal title/abstract or substantive preview supplied in the blind screening form; direct stockpile/bulk-material measurement endpoint.,
R077,ABSTRACT/PREVIEW,TRANSFER-METHOD,"Transferable method directly addresses a prespecified measurement-chain stage such as acquisition, registration, reference-surface modelling, segmentation, uncertainty, or three-dimensional change detection.",Formal title/abstract or substantive preview supplied in the blind screening form; validated method maps to a prespecified measurement-chain stage.,
R078,ABSTRACT/PREVIEW,SUPPORT-BACKGROUND,"Relevant sensing or robotics context, but it does not provide a necessary validated contribution to the stockpile three-dimensional measurement chain.",Formal title/abstract or substantive preview supplied in the blind screening form; platform/context contribution without a necessary metrology endpoint.,
R079,ABSTRACT/PREVIEW,EXCLUDE-OTHER,Outside stockpile or bulk-material measurement and does not provide necessary transferable evidence for the specified three-dimensional measurement chain.,Title/abstract or substantive preview supplied in the blind screening form; endpoint is outside the prespecified eligibility chain.,
R080,ABSTRACT/PREVIEW,EXCLUDE-OTHER,Outside stockpile or bulk-material measurement and does not provide necessary transferable evidence for the specified three-dimensional measurement chain.,Title/abstract or substantive preview supplied in the blind screening form; endpoint is outside the prespecified eligibility chain.,
R081,ABSTRACT/PREVIEW,TRANSFER-METHOD,"Transferable method directly addresses a prespecified measurement-chain stage such as acquisition, registration, reference-surface modelling, segmentation, uncertainty, or three-dimensional change detection.",Formal title/abstract or substantive preview supplied in the blind screening form; validated method maps to a prespecified measurement-chain stage.,
R082,ABSTRACT/PREVIEW,SUPPORT-BACKGROUND,"Relevant sensing or robotics context, but it does not provide a necessary validated contribution to the stockpile three-dimensional measurement chain.",Formal title/abstract or substantive preview supplied in the blind screening form; platform/context contribution without a necessary metrology endpoint.,
R083,ABSTRACT/PREVIEW,TRANSFER-METHOD,"Transferable method directly addresses a prespecified measurement-chain stage such as acquisition, registration, reference-surface modelling, segmentation, uncertainty, or three-dimensional change detection.",Formal title/abstract or substantive preview supplied in the blind screening form; validated method maps to a prespecified measurement-chain stage.,
R084,ABSTRACT/PREVIEW,SUPPORT-BACKGROUND,"Relevant sensing or robotics context, but it does not provide a necessary validated contribution to the stockpile three-dimensional measurement chain.",Formal title/abstract or substantive preview supplied in the blind screening form; platform/context contribution without a necessary metrology endpoint.,
R085,ABSTRACT/PREVIEW,EXCLUDE-OTHER,Outside stockpile or bulk-material measurement and does not provide necessary transferable evidence for the specified three-dimensional measurement chain.,Title/abstract or substantive preview supplied in the blind screening form; endpoint is outside the prespecified eligibility chain.,
R086,ABSTRACT/PREVIEW,DIRECT-EMPIRICAL,"Directly evaluates a stockpile or bulk-material geometry, volume, mass, inventory, or a directly targeted measurement-chain component in the intended domain.",Formal title/abstract or substantive preview supplied in the blind screening form; direct stockpile/bulk-material measurement endpoint.,
R087,ABSTRACT/PREVIEW,MOVE-SUPPORT,"Foundational standard, general algorithm, terminology source, or review-reporting guidance is useful as supporting context rather than empirical stockpile/transfer validation evidence.",Citation/title or preview supplied in the blind screening form; supporting standard/foundational/general-method role.,
R088,ABSTRACT/PREVIEW,DIRECT-EMPIRICAL,"Directly evaluates a stockpile or bulk-material geometry, volume, mass, inventory, or a directly targeted measurement-chain component in the intended domain.",Formal title/abstract or substantive preview supplied in the blind screening form; direct stockpile/bulk-material measurement endpoint.,
R089,ABSTRACT/PREVIEW,TRANSFER-METHOD,"Transferable method directly addresses a prespecified measurement-chain stage such as acquisition, registration, reference-surface modelling, segmentation, uncertainty, or three-dimensional change detection.",Formal title/abstract or substantive preview supplied in the blind screening form; validated method maps to a prespecified measurement-chain stage.,
R090,ABSTRACT/PREVIEW,EXCLUDE-OTHER,Outside stockpile or bulk-material measurement and does not provide necessary transferable evidence for the specified three-dimensional measurement chain.,Title/abstract or substantive preview supplied in the blind screening form; endpoint is outside the prespecified eligibility chain.,
R091,ABSTRACT/PREVIEW,TRANSFER-METHOD,"Transferable method directly addresses a prespecified measurement-chain stage such as acquisition, registration, reference-surface modelling, segmentation, uncertainty, or three-dimensional change detection.",Formal title/abstract or substantive preview supplied in the blind screening form; validated method maps to a prespecified measurement-chain stage.,
R092,DATA,DATA-RESOURCE,Reusable dataset or data report supports a prespecified stockpile or three-dimensional measurement-chain task.,Dataset/data-report description supplied in the blind screening form.,
R093,ABSTRACT/PREVIEW,EXCLUDE-OTHER,Outside stockpile or bulk-material measurement and does not provide necessary transferable evidence for the specified three-dimensional measurement chain.,Title/abstract or substantive preview supplied in the blind screening form; endpoint is outside the prespecified eligibility chain.,
R094,ABSTRACT/PREVIEW,DIRECT-EMPIRICAL,"Directly evaluates a stockpile or bulk-material geometry, volume, mass, inventory, or a directly targeted measurement-chain component in the intended domain.",Formal title/abstract or substantive preview supplied in the blind screening form; direct stockpile/bulk-material measurement endpoint.,
R095,ABSTRACT/PREVIEW,TRANSFER-METHOD,"Transferable method directly addresses a prespecified measurement-chain stage such as acquisition, registration, reference-surface modelling, segmentation, uncertainty, or three-dimensional change detection.",Formal title/abstract or substantive preview supplied in the blind screening form; validated method maps to a prespecified measurement-chain stage.,
R096,ABSTRACT/PREVIEW,SUPPORT-BACKGROUND,"Relevant sensing or robotics context, but it does not provide a necessary validated contribution to the stockpile three-dimensional measurement chain.",Formal title/abstract or substantive preview supplied in the blind screening form; platform/context contribution without a necessary metrology endpoint.,
R097,ABSTRACT/PREVIEW,SPECIALIST-REVIEW,Specialist review synthesizes stockpile volumetry or directly relevant three-dimensional measurement/change methods.,Formal title/abstract or substantive preview supplied in the blind screening form; review scope directly covers the target measurement problem.,
R098,ABSTRACT/PREVIEW,TRANSFER-METHOD,"Transferable method directly addresses a prespecified measurement-chain stage such as acquisition, registration, reference-surface modelling, segmentation, uncertainty, or three-dimensional change detection.",Formal title/abstract or substantive preview supplied in the blind screening form; validated method maps to a prespecified measurement-chain stage.,
R099,DATA,DATA-RESOURCE,Reusable dataset or data report supports a prespecified stockpile or three-dimensional measurement-chain task.,Dataset/data-report description supplied in the blind screening form.,
R100,ABSTRACT/PREVIEW,EXCLUDE-OTHER,Outside stockpile or bulk-material measurement and does not provide necessary transferable evidence for the specified three-dimensional measurement chain.,Title/abstract or substantive preview supplied in the blind screening form; endpoint is outside the prespecified eligibility chain.,
R101,NOT-RETRIEVED,ABSTRACT-ONLY,"Potentially relevant measurement endpoint is indicated, but the supplied record is insufficient to establish a stronger empirical or transferable evidential role.",Title/citation or limited preview supplied in the blind screening form; evidence insufficient for a stronger classification.,
R102,ABSTRACT/PREVIEW,EXCLUDE-OTHER,Outside stockpile or bulk-material measurement and does not provide necessary transferable evidence for the specified three-dimensional measurement chain.,Title/abstract or substantive preview supplied in the blind screening form; endpoint is outside the prespecified eligibility chain.,
R103,ABSTRACT/PREVIEW,EXCLUDE-OTHER,Outside stockpile or bulk-material measurement and does not provide necessary transferable evidence for the specified three-dimensional measurement chain.,Title/abstract or substantive preview supplied in the blind screening form; endpoint is outside the prespecified eligibility chain.,
R104,ABSTRACT/PREVIEW,TRANSFER-METHOD,"Transferable method directly addresses a prespecified measurement-chain stage such as acquisition, registration, reference-surface modelling, segmentation, uncertainty, or three-dimensional change detection.",Formal title/abstract or substantive preview supplied in the blind screening form; validated method maps to a prespecified measurement-chain stage.,
R105,NOT-RETRIEVED,ABSTRACT-ONLY,"Potentially relevant measurement endpoint is indicated, but the supplied record is insufficient to establish a stronger empirical or transferable evidential role.",Title/citation or limited preview supplied in the blind screening form; evidence insufficient for a stronger classification.,
R106,ABSTRACT/PREVIEW,TRANSFER-METHOD,"Transferable method directly addresses a prespecified measurement-chain stage such as acquisition, registration, reference-surface modelling, segmentation, uncertainty, or three-dimensional change detection.",Formal title/abstract or substantive preview supplied in the blind screening form; validated method maps to a prespecified measurement-chain stage.,
R107,ABSTRACT/PREVIEW,TRANSFER-METHOD,"Transferable method directly addresses a prespecified measurement-chain stage such as acquisition, registration, reference-surface modelling, segmentation, uncertainty, or three-dimensional change detection.",Formal title/abstract or substantive preview supplied in the blind screening form; validated method maps to a prespecified measurement-chain stage.,
R108,DATA,DATA-RESOURCE,Reusable dataset or data report supports a prespecified stockpile or three-dimensional measurement-chain task.,Dataset/data-report description supplied in the blind screening form.,
R109,ABSTRACT/PREVIEW,TRANSFER-METHOD,"Transferable method directly addresses a prespecified measurement-chain stage such as acquisition, registration, reference-surface modelling, segmentation, uncertainty, or three-dimensional change detection.",Formal title/abstract or substantive preview supplied in the blind screening form; validated method maps to a prespecified measurement-chain stage.,
R110,ABSTRACT/PREVIEW,EXCLUDE-OTHER,Outside stockpile or bulk-material measurement and does not provide necessary transferable evidence for the specified three-dimensional measurement chain.,Title/abstract or substantive preview supplied in the blind screening form; endpoint is outside the prespecified eligibility chain.,
R111,ABSTRACT/PREVIEW,TRANSFER-METHOD,"Transferable method directly addresses a prespecified measurement-chain stage such as acquisition, registration, reference-surface modelling, segmentation, uncertainty, or three-dimensional change detection.",Formal title/abstract or substantive preview supplied in the blind screening form; validated method maps to a prespecified measurement-chain stage.,
R112,ABSTRACT/PREVIEW,EXCLUDE-OTHER,Outside stockpile or bulk-material measurement and does not provide necessary transferable evidence for the specified three-dimensional measurement chain.,Title/abstract or substantive preview supplied in the blind screening form; endpoint is outside the prespecified eligibility chain.,
R113,ABSTRACT/PREVIEW,DIRECT-EMPIRICAL,"Directly evaluates a stockpile or bulk-material geometry, volume, mass, inventory, or a directly targeted measurement-chain component in the intended domain.",Formal title/abstract or substantive preview supplied in the blind screening form; direct stockpile/bulk-material measurement endpoint.,
R114,ABSTRACT/PREVIEW,DIRECT-EMPIRICAL,"Directly evaluates a stockpile or bulk-material geometry, volume, mass, inventory, or a directly targeted measurement-chain component in the intended domain.",Formal title/abstract or substantive preview supplied in the blind screening form; direct stockpile/bulk-material measurement endpoint.,
R115,ABSTRACT/PREVIEW,EXCLUDE-OTHER,Outside stockpile or bulk-material measurement and does not provide necessary transferable evidence for the specified three-dimensional measurement chain.,Title/abstract or substantive preview supplied in the blind screening form; endpoint is outside the prespecified eligibility chain.,
R116,ABSTRACT/PREVIEW,EXCLUDE-OTHER,Outside stockpile or bulk-material measurement and does not provide necessary transferable evidence for the specified three-dimensional measurement chain.,Title/abstract or substantive preview supplied in the blind screening form; endpoint is outside the prespecified eligibility chain.,
R117,ABSTRACT/PREVIEW,EXCLUDE-OTHER,Outside stockpile or bulk-material measurement and does not provide necessary transferable evidence for the specified three-dimensional measurement chain.,Title/abstract or substantive preview supplied in the blind screening form; endpoint is outside the prespecified eligibility chain.,
R118,ABSTRACT/PREVIEW,TRANSFER-METHOD,"Transferable method directly addresses a prespecified measurement-chain stage such as acquisition, registration, reference-surface modelling, segmentation, uncertainty, or three-dimensional change detection.",Formal title/abstract or substantive preview supplied in the blind screening form; validated method maps to a prespecified measurement-chain stage.,
R119,ABSTRACT/PREVIEW,DIRECT-EMPIRICAL,"Directly evaluates a stockpile or bulk-material geometry, volume, mass, inventory, or a directly targeted measurement-chain component in the intended domain.",Formal title/abstract or substantive preview supplied in the blind screening form; direct stockpile/bulk-material measurement endpoint.,
R120,ABSTRACT/PREVIEW,DIRECT-EMPIRICAL,"Directly evaluates a stockpile or bulk-material geometry, volume, mass, inventory, or a directly targeted measurement-chain component in the intended domain.",Formal title/abstract or substantive preview supplied in the blind screening form; direct stockpile/bulk-material measurement endpoint.,
R121,ABSTRACT/PREVIEW,DIRECT-EMPIRICAL,"Directly evaluates a stockpile or bulk-material geometry, volume, mass, inventory, or a directly targeted measurement-chain component in the intended domain.",Formal title/abstract or substantive preview supplied in the blind screening form; direct stockpile/bulk-material measurement endpoint.,
R122,ABSTRACT/PREVIEW,EXCLUDE-OTHER,Outside stockpile or bulk-material measurement and does not provide necessary transferable evidence for the specified three-dimensional measurement chain.,Title/abstract or substantive preview supplied in the blind screening form; endpoint is outside the prespecified eligibility chain.,
R123,ABSTRACT/PREVIEW,TRANSFER-METHOD,"Transferable method directly addresses a prespecified measurement-chain stage such as acquisition, registration, reference-surface modelling, segmentation, uncertainty, or three-dimensional change detection.",Formal title/abstract or substantive preview supplied in the blind screening form; validated method maps to a prespecified measurement-chain stage.,
R124,ABSTRACT/PREVIEW,SUPPORT-BACKGROUND,"Relevant sensing or robotics context, but it does not provide a necessary validated contribution to the stockpile three-dimensional measurement chain.",Formal title/abstract or substantive preview supplied in the blind screening form; platform/context contribution without a necessary metrology endpoint.,
R125,ABSTRACT/PREVIEW,DIRECT-EMPIRICAL,"Directly evaluates a stockpile or bulk-material geometry, volume, mass, inventory, or a directly targeted measurement-chain component in the intended domain.",Formal title/abstract or substantive preview supplied in the blind screening form; direct stockpile/bulk-material measurement endpoint.,
R126,NOT-RETRIEVED,ABSTRACT-ONLY,"Potentially relevant measurement endpoint is indicated, but the supplied record is insufficient to establish a stronger empirical or transferable evidential role.",Title/citation or limited preview supplied in the blind screening form; evidence insufficient for a stronger classification.,
R127,ABSTRACT/PREVIEW,EXCLUDE-OTHER,Outside stockpile or bulk-material measurement and does not provide necessary transferable evidence for the specified three-dimensional measurement chain.,Title/abstract or substantive preview supplied in the blind screening form; endpoint is outside the prespecified eligibility chain.,
R128,ABSTRACT/PREVIEW,EXCLUDE-OTHER,Outside stockpile or bulk-material measurement and does not provide necessary transferable evidence for the specified three-dimensional measurement chain.,Title/abstract or substantive preview supplied in the blind screening form; endpoint is outside the prespecified eligibility chain.,
R129,ABSTRACT/PREVIEW,SUPPORT-BACKGROUND,"Relevant sensing or robotics context, but it does not provide a necessary validated contribution to the stockpile three-dimensional measurement chain.",Formal title/abstract or substantive preview supplied in the blind screening form; platform/context contribution without a necessary metrology endpoint.,
R130,ABSTRACT/PREVIEW,EXCLUDE-OTHER,Outside stockpile or bulk-material measurement and does not provide necessary transferable evidence for the specified three-dimensional measurement chain.,Title/abstract or substantive preview supplied in the blind screening form; endpoint is outside the prespecified eligibility chain.,
R131,ABSTRACT/PREVIEW,TRANSFER-METHOD,"Transferable method directly addresses a prespecified measurement-chain stage such as acquisition, registration, reference-surface modelling, segmentation, uncertainty, or three-dimensional change detection.",Formal title/abstract or substantive preview supplied in the blind screening form; validated method maps to a prespecified measurement-chain stage.,
R132,ABSTRACT/PREVIEW,EXCLUDE-OTHER,Outside stockpile or bulk-material measurement and does not provide necessary transferable evidence for the specified three-dimensional measurement chain.,Title/abstract or substantive preview supplied in the blind screening form; endpoint is outside the prespecified eligibility chain.,
R133,ABSTRACT/PREVIEW,EXCLUDE-OTHER,Outside stockpile or bulk-material measurement and does not provide necessary transferable evidence for the specified three-dimensional measurement chain.,Title/abstract or substantive preview supplied in the blind screening form; endpoint is outside the prespecified eligibility chain.,
R134,ABSTRACT/PREVIEW,EXCLUDE-OTHER,Outside stockpile or bulk-material measurement and does not provide necessary transferable evidence for the specified three-dimensional measurement chain.,Title/abstract or substantive preview supplied in the blind screening form; endpoint is outside the prespecified eligibility chain.,
R135,ABSTRACT/PREVIEW,DIRECT-EMPIRICAL,"Directly evaluates a stockpile or bulk-material geometry, volume, mass, inventory, or a directly targeted measurement-chain component in the intended domain.",Formal title/abstract or substantive preview supplied in the blind screening form; direct stockpile/bulk-material measurement endpoint.,
R136,ABSTRACT/PREVIEW,MOVE-SUPPORT,"Foundational standard, general algorithm, terminology source, or review-reporting guidance is useful as supporting context rather than empirical stockpile/transfer validation evidence.",Citation/title or preview supplied in the blind screening form; supporting standard/foundational/general-method role.,
R137,ABSTRACT/PREVIEW,EXCLUDE-OTHER,Outside stockpile or bulk-material measurement and does not provide necessary transferable evidence for the specified three-dimensional measurement chain.,Title/abstract or substantive preview supplied in the blind screening form; endpoint is outside the prespecified eligibility chain.,
R138,ABSTRACT/PREVIEW,DIRECT-EMPIRICAL,"Directly evaluates a stockpile or bulk-material geometry, volume, mass, inventory, or a directly targeted measurement-chain component in the intended domain.",Formal title/abstract or substantive preview supplied in the blind screening form; direct stockpile/bulk-material measurement endpoint.,
R139,ABSTRACT/PREVIEW,EXCLUDE-OTHER,Outside stockpile or bulk-material measurement and does not provide necessary transferable evidence for the specified three-dimensional measurement chain.,Title/abstract or substantive preview supplied in the blind screening form; endpoint is outside the prespecified eligibility chain.,
R140,ABSTRACT/PREVIEW,SUPPORT-BACKGROUND,"Relevant sensing or robotics context, but it does not provide a necessary validated contribution to the stockpile three-dimensional measurement chain.",Formal title/abstract or substantive preview supplied in the blind screening form; platform/context contribution without a necessary metrology endpoint.,
R141,ABSTRACT/PREVIEW,ABSTRACT-ONLY,"Potentially relevant measurement endpoint is indicated, but the supplied record is insufficient to establish a stronger empirical or transferable evidential role.",Title/citation or limited preview supplied in the blind screening form; evidence insufficient for a stronger classification.,
R142,ABSTRACT/PREVIEW,TRANSFER-METHOD,"Transferable method directly addresses a prespecified measurement-chain stage such as acquisition, registration, reference-surface modelling, segmentation, uncertainty, or three-dimensional change detection.",Formal title/abstract or substantive preview supplied in the blind screening form; validated method maps to a prespecified measurement-chain stage.,
R143,ABSTRACT/PREVIEW,EXCLUDE-OTHER,Outside stockpile or bulk-material measurement and does not provide necessary transferable evidence for the specified three-dimensional measurement chain.,Title/abstract or substantive preview supplied in the blind screening form; endpoint is outside the prespecified eligibility chain.,
R144,ABSTRACT/PREVIEW,EXCLUDE-OTHER,Outside stockpile or bulk-material measurement and does not provide necessary transferable evidence for the specified three-dimensional measurement chain.,Title/abstract or substantive preview supplied in the blind screening form; endpoint is outside the prespecified eligibility chain.,
R145,ABSTRACT/PREVIEW,EXCLUDE-OTHER,Outside stockpile or bulk-material measurement and does not provide necessary transferable evidence for the specified three-dimensional measurement chain.,Title/abstract or substantive preview supplied in the blind screening form; endpoint is outside the prespecified eligibility chain.,
R146,ABSTRACT/PREVIEW,EXCLUDE-OTHER,Outside stockpile or bulk-material measurement and does not provide necessary transferable evidence for the specified three-dimensional measurement chain.,Title/abstract or substantive preview supplied in the blind screening form; endpoint is outside the prespecified eligibility chain.,
R147,ABSTRACT/PREVIEW,EXCLUDE-OTHER,Outside stockpile or bulk-material measurement and does not provide necessary transferable evidence for the specified three-dimensional measurement chain.,Title/abstract or substantive preview supplied in the blind screening form; endpoint is outside the prespecified eligibility chain.,
R148,ABSTRACT/PREVIEW,EXCLUDE-OTHER,Outside stockpile or bulk-material measurement and does not provide necessary transferable evidence for the specified three-dimensional measurement chain.,Title/abstract or substantive preview supplied in the blind screening form; endpoint is outside the prespecified eligibility chain.,
R149,ABSTRACT/PREVIEW,TRANSFER-METHOD,"Transferable method directly addresses a prespecified measurement-chain stage such as acquisition, registration, reference-surface modelling, segmentation, uncertainty, or three-dimensional change detection.",Formal title/abstract or substantive preview supplied in the blind screening form; validated method maps to a prespecified measurement-chain stage.,
R150,ABSTRACT/PREVIEW,EXCLUDE-OTHER,Outside stockpile or bulk-material measurement and does not provide necessary transferable evidence for the specified three-dimensional measurement chain.,Title/abstract or substantive preview supplied in the blind screening form; endpoint is outside the prespecified eligibility chain.,
R151,ABSTRACT/PREVIEW,DIRECT-EMPIRICAL,"Directly evaluates a stockpile or bulk-material geometry, volume, mass, inventory, or a directly targeted measurement-chain component in the intended domain.",Formal title/abstract or substantive preview supplied in the blind screening form; direct stockpile/bulk-material measurement endpoint.,
R152,ABSTRACT/PREVIEW,EXCLUDE-OTHER,Outside stockpile or bulk-material measurement and does not provide necessary transferable evidence for the specified three-dimensional measurement chain.,Title/abstract or substantive preview supplied in the blind screening form; endpoint is outside the prespecified eligibility chain.,
R153,ABSTRACT/PREVIEW,DIRECT-EMPIRICAL,"Directly evaluates a stockpile or bulk-material geometry, volume, mass, inventory, or a directly targeted measurement-chain component in the intended domain.",Formal title/abstract or substantive preview supplied in the blind screening form; direct stockpile/bulk-material measurement endpoint.,
R154,ABSTRACT/PREVIEW,DIRECT-EMPIRICAL,"Directly evaluates a stockpile or bulk-material geometry, volume, mass, inventory, or a directly targeted measurement-chain component in the intended domain.",Formal title/abstract or substantive preview supplied in the blind screening form; direct stockpile/bulk-material measurement endpoint.,
R155,ABSTRACT/PREVIEW,EXCLUDE-OTHER,Outside stockpile or bulk-material measurement and does not provide necessary transferable evidence for the specified three-dimensional measurement chain.,Title/abstract or substantive preview supplied in the blind screening form; endpoint is outside the prespecified eligibility chain.,
R156,ABSTRACT/PREVIEW,EXCLUDE-OTHER,Outside stockpile or bulk-material measurement and does not provide necessary transferable evidence for the specified three-dimensional measurement chain.,Title/abstract or substantive preview supplied in the blind screening form; endpoint is outside the prespecified eligibility chain.,
R157,ABSTRACT/PREVIEW,DIRECT-EMPIRICAL,"Directly evaluates a stockpile or bulk-material geometry, volume, mass, inventory, or a directly targeted measurement-chain component in the intended domain.",Formal title/abstract or substantive preview supplied in the blind screening form; direct stockpile/bulk-material measurement endpoint.,
R158,ABSTRACT/PREVIEW,EXCLUDE-OTHER,Outside stockpile or bulk-material measurement and does not provide necessary transferable evidence for the specified three-dimensional measurement chain.,Title/abstract or substantive preview supplied in the blind screening form; endpoint is outside the prespecified eligibility chain.,
R159,ABSTRACT/PREVIEW,DIRECT-EMPIRICAL,"Directly evaluates a stockpile or bulk-material geometry, volume, mass, inventory, or a directly targeted measurement-chain component in the intended domain.",Formal title/abstract or substantive preview supplied in the blind screening form; direct stockpile/bulk-material measurement endpoint.,
R160,ABSTRACT/PREVIEW,EXCLUDE-OTHER,Outside stockpile or bulk-material measurement and does not provide necessary transferable evidence for the specified three-dimensional measurement chain.,Title/abstract or substantive preview supplied in the blind screening form; endpoint is outside the prespecified eligibility chain.,
R161,ABSTRACT/PREVIEW,ABSTRACT-ONLY,"Potentially relevant measurement endpoint is indicated, but the supplied record is insufficient to establish a stronger empirical or transferable evidential role.",Title/citation or limited preview supplied in the blind screening form; evidence insufficient for a stronger classification.,
R162,DATA,DATA-RESOURCE,Reusable dataset or data report supports a prespecified stockpile or three-dimensional measurement-chain task.,Dataset/data-report description supplied in the blind screening form.,
R163,ABSTRACT/PREVIEW,EXCLUDE-OTHER,Outside stockpile or bulk-material measurement and does not provide necessary transferable evidence for the specified three-dimensional measurement chain.,Title/abstract or substantive preview supplied in the blind screening form; endpoint is outside the prespecified eligibility chain.,
R164,ABSTRACT/PREVIEW,EXCLUDE-OTHER,Outside stockpile or bulk-material measurement and does not provide necessary transferable evidence for the specified three-dimensional measurement chain.,Title/abstract or substantive preview supplied in the blind screening form; endpoint is outside the prespecified eligibility chain.,
R165,ABSTRACT/PREVIEW,DIRECT-EMPIRICAL,"Directly evaluates a stockpile or bulk-material geometry, volume, mass, inventory, or a directly targeted measurement-chain component in the intended domain.",Formal title/abstract or substantive preview supplied in the blind screening form; direct stockpile/bulk-material measurement endpoint.,
R166,ABSTRACT/PREVIEW,TRANSFER-METHOD,"Transferable method directly addresses a prespecified measurement-chain stage such as acquisition, registration, reference-surface modelling, segmentation, uncertainty, or three-dimensional change detection.",Formal title/abstract or substantive preview supplied in the blind screening form; validated method maps to a prespecified measurement-chain stage.,
R167,ABSTRACT/PREVIEW,EXCLUDE-OTHER,Outside stockpile or bulk-material measurement and does not provide necessary transferable evidence for the specified three-dimensional measurement chain.,Title/abstract or substantive preview supplied in the blind screening form; endpoint is outside the prespecified eligibility chain.,
R168,ABSTRACT/PREVIEW,TRANSFER-METHOD,"Transferable method directly addresses a prespecified measurement-chain stage such as acquisition, registration, reference-surface modelling, segmentation, uncertainty, or three-dimensional change detection.",Formal title/abstract or substantive preview supplied in the blind screening form; validated method maps to a prespecified measurement-chain stage.,
R169,ABSTRACT/PREVIEW,EXCLUDE-OTHER,Outside stockpile or bulk-material measurement and does not provide necessary transferable evidence for the specified three-dimensional measurement chain.,Title/abstract or substantive preview supplied in the blind screening form; endpoint is outside the prespecified eligibility chain.,
R170,NOT-RETRIEVED,ABSTRACT-ONLY,"Potentially relevant measurement endpoint is indicated, but the supplied record is insufficient to establish a stronger empirical or transferable evidential role.",Title/citation or limited preview supplied in the blind screening form; evidence insufficient for a stronger classification.,
R171,ABSTRACT/PREVIEW,EXCLUDE-OTHER,Outside stockpile or bulk-material measurement and does not provide necessary transferable evidence for the specified three-dimensional measurement chain.,Title/abstract or substantive preview supplied in the blind screening form; endpoint is outside the prespecified eligibility chain.,
R172,ABSTRACT/PREVIEW,TRANSFER-METHOD,"Transferable method directly addresses a prespecified measurement-chain stage such as acquisition, registration, reference-surface modelling, segmentation, uncertainty, or three-dimensional change detection.",Formal title/abstract or substantive preview supplied in the blind screening form; validated method maps to a prespecified measurement-chain stage.,
R173,ABSTRACT/PREVIEW,EXCLUDE-OTHER,Outside stockpile or bulk-material measurement and does not provide necessary transferable evidence for the specified three-dimensional measurement chain.,Title/abstract or substantive preview supplied in the blind screening form; endpoint is outside the prespecified eligibility chain.,
R174,ABSTRACT/PREVIEW,DIRECT-EMPIRICAL,"Directly evaluates a stockpile or bulk-material geometry, volume, mass, inventory, or a directly targeted measurement-chain component in the intended domain.",Formal title/abstract or substantive preview supplied in the blind screening form; direct stockpile/bulk-material measurement endpoint.,
R175,ABSTRACT/PREVIEW,TRANSFER-METHOD,"Transferable method directly addresses a prespecified measurement-chain stage such as acquisition, registration, reference-surface modelling, segmentation, uncertainty, or three-dimensional change detection.",Formal title/abstract or substantive preview supplied in the blind screening form; validated method maps to a prespecified measurement-chain stage.,
R176,ABSTRACT/PREVIEW,EXCLUDE-OTHER,Outside stockpile or bulk-material measurement and does not provide necessary transferable evidence for the specified three-dimensional measurement chain.,Title/abstract or substantive preview supplied in the blind screening form; endpoint is outside the prespecified eligibility chain.,
R177,ABSTRACT/PREVIEW,EXCLUDE-OTHER,Outside stockpile or bulk-material measurement and does not provide necessary transferable evidence for the specified three-dimensional measurement chain.,Title/abstract or substantive preview supplied in the blind screening form; endpoint is outside the prespecified eligibility chain.,
R178,ABSTRACT/PREVIEW,DIRECT-EMPIRICAL,"Directly evaluates a stockpile or bulk-material geometry, volume, mass, inventory, or a directly targeted measurement-chain component in the intended domain.",Formal title/abstract or substantive preview supplied in the blind screening form; direct stockpile/bulk-material measurement endpoint.,
R179,ABSTRACT/PREVIEW,DIRECT-EMPIRICAL,"Directly evaluates a stockpile or bulk-material geometry, volume, mass, inventory, or a directly targeted measurement-chain component in the intended domain.",Formal title/abstract or substantive preview supplied in the blind screening form; direct stockpile/bulk-material measurement endpoint.,
R180,ABSTRACT/PREVIEW,EXCLUDE-OTHER,Outside stockpile or bulk-material measurement and does not provide necessary transferable evidence for the specified three-dimensional measurement chain.,Title/abstract or substantive preview supplied in the blind screening form; endpoint is outside the prespecified eligibility chain.,
R181,ABSTRACT/PREVIEW,TRANSFER-METHOD,"Transferable method directly addresses a prespecified measurement-chain stage such as acquisition, registration, reference-surface modelling, segmentation, uncertainty, or three-dimensional change detection.",Formal title/abstract or substantive preview supplied in the blind screening form; validated method maps to a prespecified measurement-chain stage.,
R182,ABSTRACT/PREVIEW,DIRECT-EMPIRICAL,"Directly evaluates a stockpile or bulk-material geometry, volume, mass, inventory, or a directly targeted measurement-chain component in the intended domain.",Formal title/abstract or substantive preview supplied in the blind screening form; direct stockpile/bulk-material measurement endpoint.,
R183,ABSTRACT/PREVIEW,TRANSFER-METHOD,"Transferable method directly addresses a prespecified measurement-chain stage such as acquisition, registration, reference-surface modelling, segmentation, uncertainty, or three-dimensional change detection.",Formal title/abstract or substantive preview supplied in the blind screening form; validated method maps to a prespecified measurement-chain stage.,
R184,ABSTRACT/PREVIEW,EXCLUDE-OTHER,Outside stockpile or bulk-material measurement and does not provide necessary transferable evidence for the specified three-dimensional measurement chain.,Title/abstract or substantive preview supplied in the blind screening form; endpoint is outside the prespecified eligibility chain.,
R185,ABSTRACT/PREVIEW,EXCLUDE-OTHER,Outside stockpile or bulk-material measurement and does not provide necessary transferable evidence for the specified three-dimensional measurement chain.,Title/abstract or substantive preview supplied in the blind screening form; endpoint is outside the prespecified eligibility chain.,
R186,ABSTRACT/PREVIEW,MOVE-SUPPORT,"Foundational standard, general algorithm, terminology source, or review-reporting guidance is useful as supporting context rather than empirical stockpile/transfer validation evidence.",Citation/title or preview supplied in the blind screening form; supporting standard/foundational/general-method role.,
R187,ABSTRACT/PREVIEW,EXCLUDE-OTHER,Outside stockpile or bulk-material measurement and does not provide necessary transferable evidence for the specified three-dimensional measurement chain.,Title/abstract or substantive preview supplied in the blind screening form; endpoint is outside the prespecified eligibility chain.,
R188,ABSTRACT/PREVIEW,TRANSFER-METHOD,"Transferable method directly addresses a prespecified measurement-chain stage such as acquisition, registration, reference-surface modelling, segmentation, uncertainty, or three-dimensional change detection.",Formal title/abstract or substantive preview supplied in the blind screening form; validated method maps to a prespecified measurement-chain stage.,
R189,ABSTRACT/PREVIEW,EXCLUDE-OTHER,Outside stockpile or bulk-material measurement and does not provide necessary transferable evidence for the specified three-dimensional measurement chain.,Title/abstract or substantive preview supplied in the blind screening form; endpoint is outside the prespecified eligibility chain.,
R190,NOT-RETRIEVED,ABSTRACT-ONLY,"Potentially relevant measurement endpoint is indicated, but the supplied record is insufficient to establish a stronger empirical or transferable evidential role.",Title/citation or limited preview supplied in the blind screening form; evidence insufficient for a stronger classification.,
R191,ABSTRACT/PREVIEW,EXCLUDE-OTHER,Outside stockpile or bulk-material measurement and does not provide necessary transferable evidence for the specified three-dimensional measurement chain.,Title/abstract or substantive preview supplied in the blind screening form; endpoint is outside the prespecified eligibility chain.,
R192,ABSTRACT/PREVIEW,EXCLUDE-OTHER,Outside stockpile or bulk-material measurement and does not provide necessary transferable evidence for the specified three-dimensional measurement chain.,Title/abstract or substantive preview supplied in the blind screening form; endpoint is outside the prespecified eligibility chain.,
R193,ABSTRACT/PREVIEW,EXCLUDE-OTHER,Outside stockpile or bulk-material measurement and does not provide necessary transferable evidence for the specified three-dimensional measurement chain.,Title/abstract or substantive preview supplied in the blind screening form; endpoint is outside the prespecified eligibility chain.,
R194,ABSTRACT/PREVIEW,TRANSFER-METHOD,"Transferable method directly addresses a prespecified measurement-chain stage such as acquisition, registration, reference-surface modelling, segmentation, uncertainty, or three-dimensional change detection.",Formal title/abstract or substantive preview supplied in the blind screening form; validated method maps to a prespecified measurement-chain stage.,
R195,ABSTRACT/PREVIEW,SUPPORT-BACKGROUND,"Relevant sensing or robotics context, but it does not provide a necessary validated contribution to the stockpile three-dimensional measurement chain.",Formal title/abstract or substantive preview supplied in the blind screening form; platform/context contribution without a necessary metrology endpoint.,
R196,ABSTRACT/PREVIEW,EXCLUDE-OTHER,Outside stockpile or bulk-material measurement and does not provide necessary transferable evidence for the specified three-dimensional measurement chain.,Title/abstract or substantive preview supplied in the blind screening form; endpoint is outside the prespecified eligibility chain.,
R197,ABSTRACT/PREVIEW,DIRECT-EMPIRICAL,"Directly evaluates a stockpile or bulk-material geometry, volume, mass, inventory, or a directly targeted measurement-chain component in the intended domain.",Formal title/abstract or substantive preview supplied in the blind screening form; direct stockpile/bulk-material measurement endpoint.,
R198,ABSTRACT/PREVIEW,ABSTRACT-ONLY,"Potentially relevant measurement endpoint is indicated, but the supplied record is insufficient to establish a stronger empirical or transferable evidential role.",Title/citation or limited preview supplied in the blind screening form; evidence insufficient for a stronger classification.,
R199,ABSTRACT/PREVIEW,TRANSFER-METHOD,"Transferable method directly addresses a prespecified measurement-chain stage such as acquisition, registration, reference-surface modelling, segmentation, uncertainty, or three-dimensional change detection.",Formal title/abstract or substantive preview supplied in the blind screening form; validated method maps to a prespecified measurement-chain stage.,
R200,ABSTRACT/PREVIEW,SUPPORT-BACKGROUND,"Relevant sensing or robotics context, but it does not provide a necessary validated contribution to the stockpile three-dimensional measurement chain.",Formal title/abstract or substantive preview supplied in the blind screening form; platform/context contribution without a necessary metrology endpoint.,
R201,ABSTRACT/PREVIEW,EXCLUDE-OTHER,Outside stockpile or bulk-material measurement and does not provide necessary transferable evidence for the specified three-dimensional measurement chain.,Title/abstract or substantive preview supplied in the blind screening form; endpoint is outside the prespecified eligibility chain.,
R202,ABSTRACT/PREVIEW,EXCLUDE-OTHER,Outside stockpile or bulk-material measurement and does not provide necessary transferable evidence for the specified three-dimensional measurement chain.,Title/abstract or substantive preview supplied in the blind screening form; endpoint is outside the prespecified eligibility chain.,
R203,ABSTRACT/PREVIEW,EXCLUDE-OTHER,Outside stockpile or bulk-material measurement and does not provide necessary transferable evidence for the specified three-dimensional measurement chain.,Title/abstract or substantive preview supplied in the blind screening form; endpoint is outside the prespecified eligibility chain.,
R204,ABSTRACT/PREVIEW,EXCLUDE-OTHER,Outside stockpile or bulk-material measurement and does not provide necessary transferable evidence for the specified three-dimensional measurement chain.,Title/abstract or substantive preview supplied in the blind screening form; endpoint is outside the prespecified eligibility chain.,
R205,ABSTRACT/PREVIEW,TRANSFER-METHOD,"Transferable method directly addresses a prespecified measurement-chain stage such as acquisition, registration, reference-surface modelling, segmentation, uncertainty, or three-dimensional change detection.",Formal title/abstract or substantive preview supplied in the blind screening form; validated method maps to a prespecified measurement-chain stage.,
R206,ABSTRACT/PREVIEW,TRANSFER-METHOD,"Transferable method directly addresses a prespecified measurement-chain stage such as acquisition, registration, reference-surface modelling, segmentation, uncertainty, or three-dimensional change detection.",Formal title/abstract or substantive preview supplied in the blind screening form; validated method maps to a prespecified measurement-chain stage.,
R207,ABSTRACT/PREVIEW,MOVE-SUPPORT,"Foundational standard, general algorithm, terminology source, or review-reporting guidance is useful as supporting context rather than empirical stockpile/transfer validation evidence.",Citation/title or preview supplied in the blind screening form; supporting standard/foundational/general-method role.,
R208,ABSTRACT/PREVIEW,EXCLUDE-OTHER,Outside stockpile or bulk-material measurement and does not provide necessary transferable evidence for the specified three-dimensional measurement chain.,Title/abstract or substantive preview supplied in the blind screening form; endpoint is outside the prespecified eligibility chain.,
R209,ABSTRACT/PREVIEW,DIRECT-EMPIRICAL,"Directly evaluates a stockpile or bulk-material geometry, volume, mass, inventory, or a directly targeted measurement-chain component in the intended domain.",Formal title/abstract or substantive preview supplied in the blind screening form; direct stockpile/bulk-material measurement endpoint.,
R210,ABSTRACT/PREVIEW,ABSTRACT-ONLY,"Potentially relevant measurement endpoint is indicated, but the supplied record is insufficient to establish a stronger empirical or transferable evidential role.",Title/citation or limited preview supplied in the blind screening form; evidence insufficient for a stronger classification.,
R211,ABSTRACT/PREVIEW,DIRECT-EMPIRICAL,"Directly evaluates a stockpile or bulk-material geometry, volume, mass, inventory, or a directly targeted measurement-chain component in the intended domain.",Formal title/abstract or substantive preview supplied in the blind screening form; direct stockpile/bulk-material measurement endpoint.,
R212,ABSTRACT/PREVIEW,EXCLUDE-OTHER,Outside stockpile or bulk-material measurement and does not provide necessary transferable evidence for the specified three-dimensional measurement chain.,Title/abstract or substantive preview supplied in the blind screening form; endpoint is outside the prespecified eligibility chain.,
R213,ABSTRACT/PREVIEW,DIRECT-EMPIRICAL,"Directly evaluates a stockpile or bulk-material geometry, volume, mass, inventory, or a directly targeted measurement-chain component in the intended domain.",Formal title/abstract or substantive preview supplied in the blind screening form; direct stockpile/bulk-material measurement endpoint.,
R214,ABSTRACT/PREVIEW,TRANSFER-METHOD,"Transferable method directly addresses a prespecified measurement-chain stage such as acquisition, registration, reference-surface modelling, segmentation, uncertainty, or three-dimensional change detection.",Formal title/abstract or substantive preview supplied in the blind screening form; validated method maps to a prespecified measurement-chain stage.,
R215,ABSTRACT/PREVIEW,TRANSFER-METHOD,"Transferable method directly addresses a prespecified measurement-chain stage such as acquisition, registration, reference-surface modelling, segmentation, uncertainty, or three-dimensional change detection.",Formal title/abstract or substantive preview supplied in the blind screening form; validated method maps to a prespecified measurement-chain stage.,
R216,ABSTRACT/PREVIEW,SUPPORT-BACKGROUND,"Relevant sensing or robotics context, but it does not provide a necessary validated contribution to the stockpile three-dimensional measurement chain.",Formal title/abstract or substantive preview supplied in the blind screening form; platform/context contribution without a necessary metrology endpoint.,
R217,ABSTRACT/PREVIEW,EXCLUDE-OTHER,Outside stockpile or bulk-material measurement and does not provide necessary transferable evidence for the specified three-dimensional measurement chain.,Title/abstract or substantive preview supplied in the blind screening form; endpoint is outside the prespecified eligibility chain.,
R218,ABSTRACT/PREVIEW,EXCLUDE-OTHER,Outside stockpile or bulk-material measurement and does not provide necessary transferable evidence for the specified three-dimensional measurement chain.,Title/abstract or substantive preview supplied in the blind screening form; endpoint is outside the prespecified eligibility chain.,
R219,ABSTRACT/PREVIEW,EXCLUDE-OTHER,Outside stockpile or bulk-material measurement and does not provide necessary transferable evidence for the specified three-dimensional measurement chain.,Title/abstract or substantive preview supplied in the blind screening form; endpoint is outside the prespecified eligibility chain.,
R220,ABSTRACT/PREVIEW,EXCLUDE-OTHER,Outside stockpile or bulk-material measurement and does not provide necessary transferable evidence for the specified three-dimensional measurement chain.,Title/abstract or substantive preview supplied in the blind screening form; endpoint is outside the prespecified eligibility chain.,
R221,ABSTRACT/PREVIEW,TRANSFER-METHOD,"Transferable method directly addresses a prespecified measurement-chain stage such as acquisition, registration, reference-surface modelling, segmentation, uncertainty, or three-dimensional change detection.",Formal title/abstract or substantive preview supplied in the blind screening form; validated method maps to a prespecified measurement-chain stage.,
R222,ABSTRACT/PREVIEW,DIRECT-EMPIRICAL,"Directly evaluates a stockpile or bulk-material geometry, volume, mass, inventory, or a directly targeted measurement-chain component in the intended domain.",Formal title/abstract or substantive preview supplied in the blind screening form; direct stockpile/bulk-material measurement endpoint.,
R223,ABSTRACT/PREVIEW,EXCLUDE-OTHER,Outside stockpile or bulk-material measurement and does not provide necessary transferable evidence for the specified three-dimensional measurement chain.,Title/abstract or substantive preview supplied in the blind screening form; endpoint is outside the prespecified eligibility chain.,
R224,DATA,DATA-RESOURCE,Reusable dataset or data report supports a prespecified stockpile or three-dimensional measurement-chain task.,Dataset/data-report description supplied in the blind screening form.,
R225,ABSTRACT/PREVIEW,EXCLUDE-OTHER,Outside stockpile or bulk-material measurement and does not provide necessary transferable evidence for the specified three-dimensional measurement chain.,Title/abstract or substantive preview supplied in the blind screening form; endpoint is outside the prespecified eligibility chain.,
R226,ABSTRACT/PREVIEW,EXCLUDE-OTHER,Outside stockpile or bulk-material measurement and does not provide necessary transferable evidence for the specified three-dimensional measurement chain.,Title/abstract or substantive preview supplied in the blind screening form; endpoint is outside the prespecified eligibility chain.,
R227,ABSTRACT/PREVIEW,DIRECT-EMPIRICAL,"Directly evaluates a stockpile or bulk-material geometry, volume, mass, inventory, or a directly targeted measurement-chain component in the intended domain.",Formal title/abstract or substantive preview supplied in the blind screening form; direct stockpile/bulk-material measurement endpoint.,
R228,ABSTRACT/PREVIEW,EXCLUDE-OTHER,Outside stockpile or bulk-material measurement and does not provide necessary transferable evidence for the specified three-dimensional measurement chain.,Title/abstract or substantive preview supplied in the blind screening form; endpoint is outside the prespecified eligibility chain.,
R229,ABSTRACT/PREVIEW,TRANSFER-METHOD,"Transferable method directly addresses a prespecified measurement-chain stage such as acquisition, registration, reference-surface modelling, segmentation, uncertainty, or three-dimensional change detection.",Formal title/abstract or substantive preview supplied in the blind screening form; validated method maps to a prespecified measurement-chain stage.,
R230,ABSTRACT/PREVIEW,EXCLUDE-OTHER,Outside stockpile or bulk-material measurement and does not provide necessary transferable evidence for the specified three-dimensional measurement chain.,Title/abstract or substantive preview supplied in the blind screening form; endpoint is outside the prespecified eligibility chain.,
R231,ABSTRACT/PREVIEW,EXCLUDE-OTHER,Outside stockpile or bulk-material measurement and does not provide necessary transferable evidence for the specified three-dimensional measurement chain.,Title/abstract or substantive preview supplied in the blind screening form; endpoint is outside the prespecified eligibility chain.,
R232,ABSTRACT/PREVIEW,EXCLUDE-OTHER,Outside stockpile or bulk-material measurement and does not provide necessary transferable evidence for the specified three-dimensional measurement chain.,Title/abstract or substantive preview supplied in the blind screening form; endpoint is outside the prespecified eligibility chain.,
R233,ABSTRACT/PREVIEW,DIRECT-EMPIRICAL,"Directly evaluates a stockpile or bulk-material geometry, volume, mass, inventory, or a directly targeted measurement-chain component in the intended domain.",Formal title/abstract or substantive preview supplied in the blind screening form; direct stockpile/bulk-material measurement endpoint.,
R234,ABSTRACT/PREVIEW,EXCLUDE-OTHER,Outside stockpile or bulk-material measurement and does not provide necessary transferable evidence for the specified three-dimensional measurement chain.,Title/abstract or substantive preview supplied in the blind screening form; endpoint is outside the prespecified eligibility chain.,
R235,ABSTRACT/PREVIEW,EXCLUDE-OTHER,Outside stockpile or bulk-material measurement and does not provide necessary transferable evidence for the specified three-dimensional measurement chain.,Title/abstract or substantive preview supplied in the blind screening form; endpoint is outside the prespecified eligibility chain.,
R236,ABSTRACT/PREVIEW,EXCLUDE-OTHER,Outside stockpile or bulk-material measurement and does not provide necessary transferable evidence for the specified three-dimensional measurement chain.,Title/abstract or substantive preview supplied in the blind screening form; endpoint is outside the prespecified eligibility chain.,
R237,ABSTRACT/PREVIEW,EXCLUDE-OTHER,Outside stockpile or bulk-material measurement and does not provide necessary transferable evidence for the specified three-dimensional measurement chain.,Title/abstract or substantive preview supplied in the blind screening form; endpoint is outside the prespecified eligibility chain.,
R238,DATA,DATA-RESOURCE,Reusable dataset or data report supports a prespecified stockpile or three-dimensional measurement-chain task.,Dataset/data-report description supplied in the blind screening form.,
R239,ABSTRACT/PREVIEW,TRANSFER-METHOD,"Transferable method directly addresses a prespecified measurement-chain stage such as acquisition, registration, reference-surface modelling, segmentation, uncertainty, or three-dimensional change detection.",Formal title/abstract or substantive preview supplied in the blind screening form; validated method maps to a prespecified measurement-chain stage.,
R240,ABSTRACT/PREVIEW,EXCLUDE-OTHER,Outside stockpile or bulk-material measurement and does not provide necessary transferable evidence for the specified three-dimensional measurement chain.,Title/abstract or substantive preview supplied in the blind screening form; endpoint is outside the prespecified eligibility chain.,
R241,ABSTRACT/PREVIEW,EXCLUDE-OTHER,Outside stockpile or bulk-material measurement and does not provide necessary transferable evidence for the specified three-dimensional measurement chain.,Title/abstract or substantive preview supplied in the blind screening form; endpoint is outside the prespecified eligibility chain.,
R242,ABSTRACT/PREVIEW,EXCLUDE-OTHER,Outside stockpile or bulk-material measurement and does not provide necessary transferable evidence for the specified three-dimensional measurement chain.,Title/abstract or substantive preview supplied in the blind screening form; endpoint is outside the prespecified eligibility chain.,
R243,ABSTRACT/PREVIEW,EXCLUDE-OTHER,Outside stockpile or bulk-material measurement and does not provide necessary transferable evidence for the specified three-dimensional measurement chain.,Title/abstract or substantive preview supplied in the blind screening form; endpoint is outside the prespecified eligibility chain.,
R244,ABSTRACT/PREVIEW,DIRECT-EMPIRICAL,"Directly evaluates a stockpile or bulk-material geometry, volume, mass, inventory, or a directly targeted measurement-chain component in the intended domain.",Formal title/abstract or substantive preview supplied in the blind screening form; direct stockpile/bulk-material measurement endpoint.,
R245,ABSTRACT/PREVIEW,DIRECT-EMPIRICAL,"Directly evaluates a stockpile or bulk-material geometry, volume, mass, inventory, or a directly targeted measurement-chain component in the intended domain.",Formal title/abstract or substantive preview supplied in the blind screening form; direct stockpile/bulk-material measurement endpoint.,
R246,ABSTRACT/PREVIEW,DIRECT-EMPIRICAL,"Directly evaluates a stockpile or bulk-material geometry, volume, mass, inventory, or a directly targeted measurement-chain component in the intended domain.",Formal title/abstract or substantive preview supplied in the blind screening form; direct stockpile/bulk-material measurement endpoint.,
R247,ABSTRACT/PREVIEW,EXCLUDE-OTHER,Outside stockpile or bulk-material measurement and does not provide necessary transferable evidence for the specified three-dimensional measurement chain.,Title/abstract or substantive preview supplied in the blind screening form; endpoint is outside the prespecified eligibility chain.,
R248,ABSTRACT/PREVIEW,EXCLUDE-OTHER,Outside stockpile or bulk-material measurement and does not provide necessary transferable evidence for the specified three-dimensional measurement chain.,Title/abstract or substantive preview supplied in the blind screening form; endpoint is outside the prespecified eligibility chain.,
R249,ABSTRACT/PREVIEW,SUPPORT-BACKGROUND,"Relevant sensing or robotics context, but it does not provide a necessary validated contribution to the stockpile three-dimensional measurement chain.",Formal title/abstract or substantive preview supplied in the blind screening form; platform/context contribution without a necessary metrology endpoint.,
R250,ABSTRACT/PREVIEW,DIRECT-EMPIRICAL,"Directly evaluates a stockpile or bulk-material geometry, volume, mass, inventory, or a directly targeted measurement-chain component in the intended domain.",Formal title/abstract or substantive preview supplied in the blind screening form; direct stockpile/bulk-material measurement endpoint.,
R251,ABSTRACT/PREVIEW,MOVE-SUPPORT,"Foundational standard, general algorithm, terminology source, or review-reporting guidance is useful as supporting context rather than empirical stockpile/transfer validation evidence.",Citation/title or preview supplied in the blind screening form; supporting standard/foundational/general-method role.,
R252,ABSTRACT/PREVIEW,MOVE-SUPPORT,"Foundational standard, general algorithm, terminology source, or review-reporting guidance is useful as supporting context rather than empirical stockpile/transfer validation evidence.",Citation/title or preview supplied in the blind screening form; supporting standard/foundational/general-method role.,
R253,ABSTRACT/PREVIEW,EXCLUDE-OTHER,Outside stockpile or bulk-material measurement and does not provide necessary transferable evidence for the specified three-dimensional measurement chain.,Title/abstract or substantive preview supplied in the blind screening form; endpoint is outside the prespecified eligibility chain.,
R254,ABSTRACT/PREVIEW,TRANSFER-METHOD,"Transferable method directly addresses a prespecified measurement-chain stage such as acquisition, registration, reference-surface modelling, segmentation, uncertainty, or three-dimensional change detection.",Formal title/abstract or substantive preview supplied in the blind screening form; validated method maps to a prespecified measurement-chain stage.,
R255,ABSTRACT/PREVIEW,EXCLUDE-OTHER,Outside stockpile or bulk-material measurement and does not provide necessary transferable evidence for the specified three-dimensional measurement chain.,Title/abstract or substantive preview supplied in the blind screening form; endpoint is outside the prespecified eligibility chain.,
R256,ABSTRACT/PREVIEW,EXCLUDE-OTHER,Outside stockpile or bulk-material measurement and does not provide necessary transferable evidence for the specified three-dimensional measurement chain.,Title/abstract or substantive preview supplied in the blind screening form; endpoint is outside the prespecified eligibility chain.,
R257,ABSTRACT/PREVIEW,DIRECT-EMPIRICAL,"Directly evaluates a stockpile or bulk-material geometry, volume, mass, inventory, or a directly targeted measurement-chain component in the intended domain.",Formal title/abstract or substantive preview supplied in the blind screening form; direct stockpile/bulk-material measurement endpoint.,
R258,ABSTRACT/PREVIEW,EXCLUDE-OTHER,Outside stockpile or bulk-material measurement and does not provide necessary transferable evidence for the specified three-dimensional measurement chain.,Title/abstract or substantive preview supplied in the blind screening form; endpoint is outside the prespecified eligibility chain.,
R259,ABSTRACT/PREVIEW,EXCLUDE-OTHER,Outside stockpile or bulk-material measurement and does not provide necessary transferable evidence for the specified three-dimensional measurement chain.,Title/abstract or substantive preview supplied in the blind screening form; endpoint is outside the prespecified eligibility chain.,
R260,ABSTRACT/PREVIEW,EXCLUDE-OTHER,Outside stockpile or bulk-material measurement and does not provide necessary transferable evidence for the specified three-dimensional measurement chain.,Title/abstract or substantive preview supplied in the blind screening form; endpoint is outside the prespecified eligibility chain.,
R261,ABSTRACT/PREVIEW,EXCLUDE-OTHER,Outside stockpile or bulk-material measurement and does not provide necessary transferable evidence for the specified three-dimensional measurement chain.,Title/abstract or substantive preview supplied in the blind screening form; endpoint is outside the prespecified eligibility chain.,
R262,ABSTRACT/PREVIEW,DIRECT-EMPIRICAL,"Directly evaluates a stockpile or bulk-material geometry, volume, mass, inventory, or a directly targeted measurement-chain component in the intended domain.",Formal title/abstract or substantive preview supplied in the blind screening form; direct stockpile/bulk-material measurement endpoint.,
R263,ABSTRACT/PREVIEW,TRANSFER-METHOD,"Transferable method directly addresses a prespecified measurement-chain stage such as acquisition, registration, reference-surface modelling, segmentation, uncertainty, or three-dimensional change detection.",Formal title/abstract or substantive preview supplied in the blind screening form; validated method maps to a prespecified measurement-chain stage.,
R264,ABSTRACT/PREVIEW,EXCLUDE-OTHER,Outside stockpile or bulk-material measurement and does not provide necessary transferable evidence for the specified three-dimensional measurement chain.,Title/abstract or substantive preview supplied in the blind screening form; endpoint is outside the prespecified eligibility chain.,
R265,ABSTRACT/PREVIEW,DIRECT-EMPIRICAL,"Directly evaluates a stockpile or bulk-material geometry, volume, mass, inventory, or a directly targeted measurement-chain component in the intended domain.",Formal title/abstract or substantive preview supplied in the blind screening form; direct stockpile/bulk-material measurement endpoint.,
R266,ABSTRACT/PREVIEW,DIRECT-EMPIRICAL,"Directly evaluates a stockpile or bulk-material geometry, volume, mass, inventory, or a directly targeted measurement-chain component in the intended domain.",Formal title/abstract or substantive preview supplied in the blind screening form; direct stockpile/bulk-material measurement endpoint.,
R267,NOT-RETRIEVED,ABSTRACT-ONLY,"Potentially relevant measurement endpoint is indicated, but the supplied record is insufficient to establish a stronger empirical or transferable evidential role.",Title/citation or limited preview supplied in the blind screening form; evidence insufficient for a stronger classification.,
R268,ABSTRACT/PREVIEW,DIRECT-EMPIRICAL,"Directly evaluates a stockpile or bulk-material geometry, volume, mass, inventory, or a directly targeted measurement-chain component in the intended domain.",Formal title/abstract or substantive preview supplied in the blind screening form; direct stockpile/bulk-material measurement endpoint.,
R269,ABSTRACT/PREVIEW,EXCLUDE-OTHER,Outside stockpile or bulk-material measurement and does not provide necessary transferable evidence for the specified three-dimensional measurement chain.,Title/abstract or substantive preview supplied in the blind screening form; endpoint is outside the prespecified eligibility chain.,
R270,ABSTRACT/PREVIEW,ABSTRACT-ONLY,"Potentially relevant measurement endpoint is indicated, but the supplied record is insufficient to establish a stronger empirical or transferable evidential role.",Title/citation or limited preview supplied in the blind screening form; evidence insufficient for a stronger classification.,
R271,ABSTRACT/PREVIEW,TRANSFER-METHOD,"Transferable method directly addresses a prespecified measurement-chain stage such as acquisition, registration, reference-surface modelling, segmentation, uncertainty, or three-dimensional change detection.",Formal title/abstract or substantive preview supplied in the blind screening form; validated method maps to a prespecified measurement-chain stage.,
R272,ABSTRACT/PREVIEW,SUPPORT-BACKGROUND,"Relevant sensing or robotics context, but it does not provide a necessary validated contribution to the stockpile three-dimensional measurement chain.",Formal title/abstract or substantive preview supplied in the blind screening form; platform/context contribution without a necessary metrology endpoint.,
R273,ABSTRACT/PREVIEW,DIRECT-EMPIRICAL,"Directly evaluates a stockpile or bulk-material geometry, volume, mass, inventory, or a directly targeted measurement-chain component in the intended domain.",Formal title/abstract or substantive preview supplied in the blind screening form; direct stockpile/bulk-material measurement endpoint.,
R274,ABSTRACT/PREVIEW,TRANSFER-METHOD,"Transferable method directly addresses a prespecified measurement-chain stage such as acquisition, registration, reference-surface modelling, segmentation, uncertainty, or three-dimensional change detection.",Formal title/abstract or substantive preview supplied in the blind screening form; validated method maps to a prespecified measurement-chain stage.,
R275,ABSTRACT/PREVIEW,EXCLUDE-OTHER,Outside stockpile or bulk-material measurement and does not provide necessary transferable evidence for the specified three-dimensional measurement chain.,Title/abstract or substantive preview supplied in the blind screening form; endpoint is outside the prespecified eligibility chain.,
R276,ABSTRACT/PREVIEW,TRANSFER-METHOD,"Transferable method directly addresses a prespecified measurement-chain stage such as acquisition, registration, reference-surface modelling, segmentation, uncertainty, or three-dimensional change detection.",Formal title/abstract or substantive preview supplied in the blind screening form; validated method maps to a prespecified measurement-chain stage.,
R277,ABSTRACT/PREVIEW,TRANSFER-METHOD,"Transferable method directly addresses a prespecified measurement-chain stage such as acquisition, registration, reference-surface modelling, segmentation, uncertainty, or three-dimensional change detection.",Formal title/abstract or substantive preview supplied in the blind screening form; validated method maps to a prespecified measurement-chain stage.,
R278,ABSTRACT/PREVIEW,TRANSFER-METHOD,"Transferable method directly addresses a prespecified measurement-chain stage such as acquisition, registration, reference-surface modelling, segmentation, uncertainty, or three-dimensional change detection.",Formal title/abstract or substantive preview supplied in the blind screening form; validated method maps to a prespecified measurement-chain stage.,
R279,ABSTRACT/PREVIEW,DIRECT-EMPIRICAL,"Directly evaluates a stockpile or bulk-material geometry, volume, mass, inventory, or a directly targeted measurement-chain component in the intended domain.",Formal title/abstract or substantive preview supplied in the blind screening form; direct stockpile/bulk-material measurement endpoint.,
R280,ABSTRACT/PREVIEW,TRANSFER-METHOD,"Transferable method directly addresses a prespecified measurement-chain stage such as acquisition, registration, reference-surface modelling, segmentation, uncertainty, or three-dimensional change detection.",Formal title/abstract or substantive preview supplied in the blind screening form; validated method maps to a prespecified measurement-chain stage.,
R281,ABSTRACT/PREVIEW,EXCLUDE-OTHER,Outside stockpile or bulk-material measurement and does not provide necessary transferable evidence for the specified three-dimensional measurement chain.,Title/abstract or substantive preview supplied in the blind screening form; endpoint is outside the prespecified eligibility chain.,
R282,ABSTRACT/PREVIEW,EXCLUDE-OTHER,Outside stockpile or bulk-material measurement and does not provide necessary transferable evidence for the specified three-dimensional measurement chain.,Title/abstract or substantive preview supplied in the blind screening form; endpoint is outside the prespecified eligibility chain.,
R283,ABSTRACT/PREVIEW,EXCLUDE-OTHER,Outside stockpile or bulk-material measurement and does not provide necessary transferable evidence for the specified three-dimensional measurement chain.,Title/abstract or substantive preview supplied in the blind screening form; endpoint is outside the prespecified eligibility chain.,
R284,ABSTRACT/PREVIEW,TRANSFER-METHOD,"Transferable method directly addresses a prespecified measurement-chain stage such as acquisition, registration, reference-surface modelling, segmentation, uncertainty, or three-dimensional change detection.",Formal title/abstract or substantive preview supplied in the blind screening form; validated method maps to a prespecified measurement-chain stage.,
R285,ABSTRACT/PREVIEW,TRANSFER-METHOD,"Transferable method directly addresses a prespecified measurement-chain stage such as acquisition, registration, reference-surface modelling, segmentation, uncertainty, or three-dimensional change detection.",Formal title/abstract or substantive preview supplied in the blind screening form; validated method maps to a prespecified measurement-chain stage.,
R286,ABSTRACT/PREVIEW,EXCLUDE-OTHER,Outside stockpile or bulk-material measurement and does not provide necessary transferable evidence for the specified three-dimensional measurement chain.,Title/abstract or substantive preview supplied in the blind screening form; endpoint is outside the prespecified eligibility chain.,
R287,ABSTRACT/PREVIEW,DIRECT-EMPIRICAL,"Directly evaluates a stockpile or bulk-material geometry, volume, mass, inventory, or a directly targeted measurement-chain component in the intended domain.",Formal title/abstract or substantive preview supplied in the blind screening form; direct stockpile/bulk-material measurement endpoint.,
R288,ABSTRACT/PREVIEW,EXCLUDE-OTHER,Outside stockpile or bulk-material measurement and does not provide necessary transferable evidence for the specified three-dimensional measurement chain.,Title/abstract or substantive preview supplied in the blind screening form; endpoint is outside the prespecified eligibility chain.,
R289,ABSTRACT/PREVIEW,DIRECT-EMPIRICAL,"Directly evaluates a stockpile or bulk-material geometry, volume, mass, inventory, or a directly targeted measurement-chain component in the intended domain.",Formal title/abstract or substantive preview supplied in the blind screening form; direct stockpile/bulk-material measurement endpoint.,
R290,ABSTRACT/PREVIEW,DIRECT-EMPIRICAL,"Directly evaluates a stockpile or bulk-material geometry, volume, mass, inventory, or a directly targeted measurement-chain component in the intended domain.",Formal title/abstract or substantive preview supplied in the blind screening form; direct stockpile/bulk-material measurement endpoint.,
R291,ABSTRACT/PREVIEW,SUPPORT-BACKGROUND,"Relevant sensing or robotics context, but it does not provide a necessary validated contribution to the stockpile three-dimensional measurement chain.",Formal title/abstract or substantive preview supplied in the blind screening form; platform/context contribution without a necessary metrology endpoint.,
R292,ABSTRACT/PREVIEW,TRANSFER-METHOD,"Transferable method directly addresses a prespecified measurement-chain stage such as acquisition, registration, reference-surface modelling, segmentation, uncertainty, or three-dimensional change detection.",Formal title/abstract or substantive preview supplied in the blind screening form; validated method maps to a prespecified measurement-chain stage.,
R293,ABSTRACT/PREVIEW,TRANSFER-METHOD,"Transferable method directly addresses a prespecified measurement-chain stage such as acquisition, registration, reference-surface modelling, segmentation, uncertainty, or three-dimensional change detection.",Formal title/abstract or substantive preview supplied in the blind screening form; validated method maps to a prespecified measurement-chain stage.,
R294,ABSTRACT/PREVIEW,DIRECT-EMPIRICAL,"Directly evaluates a stockpile or bulk-material geometry, volume, mass, inventory, or a directly targeted measurement-chain component in the intended domain.",Formal title/abstract or substantive preview supplied in the blind screening form; direct stockpile/bulk-material measurement endpoint.,
R295,ABSTRACT/PREVIEW,DIRECT-EMPIRICAL,"Directly evaluates a stockpile or bulk-material geometry, volume, mass, inventory, or a directly targeted measurement-chain component in the intended domain.",Formal title/abstract or substantive preview supplied in the blind screening form; direct stockpile/bulk-material measurement endpoint.,
R296,ABSTRACT/PREVIEW,TRANSFER-METHOD,"Transferable method directly addresses a prespecified measurement-chain stage such as acquisition, registration, reference-surface modelling, segmentation, uncertainty, or three-dimensional change detection.",Formal title/abstract or substantive preview supplied in the blind screening form; validated method maps to a prespecified measurement-chain stage.,
R297,ABSTRACT/PREVIEW,SUPPORT-BACKGROUND,"Relevant sensing or robotics context, but it does not provide a necessary validated contribution to the stockpile three-dimensional measurement chain.",Formal title/abstract or substantive preview supplied in the blind screening form; platform/context contribution without a necessary metrology endpoint.,
R298,ABSTRACT/PREVIEW,DIRECT-EMPIRICAL,"Directly evaluates a stockpile or bulk-material geometry, volume, mass, inventory, or a directly targeted measurement-chain component in the intended domain.",Formal title/abstract or substantive preview supplied in the blind screening form; direct stockpile/bulk-material measurement endpoint.,
R299,ABSTRACT/PREVIEW,DIRECT-EMPIRICAL,"Directly evaluates a stockpile or bulk-material geometry, volume, mass, inventory, or a directly targeted measurement-chain component in the intended domain.",Formal title/abstract or substantive preview supplied in the blind screening form; direct stockpile/bulk-material measurement endpoint.,
R300,ABSTRACT/PREVIEW,DIRECT-EMPIRICAL,"Directly evaluates a stockpile or bulk-material geometry, volume, mass, inventory, or a directly targeted measurement-chain component in the intended domain.",Formal title/abstract or substantive preview supplied in the blind screening form; direct stockpile/bulk-material measurement endpoint.,
R301,ABSTRACT/PREVIEW,DIRECT-EMPIRICAL,"Directly evaluates a stockpile or bulk-material geometry, volume, mass, inventory, or a directly targeted measurement-chain component in the intended domain.",Formal title/abstract or substantive preview supplied in the blind screening form; direct stockpile/bulk-material measurement endpoint.,
R302,ABSTRACT/PREVIEW,DIRECT-EMPIRICAL,"Directly evaluates a stockpile or bulk-material geometry, volume, mass, inventory, or a directly targeted measurement-chain component in the intended domain.",Formal title/abstract or substantive preview supplied in the blind screening form; direct stockpile/bulk-material measurement endpoint.,
R303,ABSTRACT/PREVIEW,TRANSFER-METHOD,"Transferable method directly addresses a prespecified measurement-chain stage such as acquisition, registration, reference-surface modelling, segmentation, uncertainty, or three-dimensional change detection.",Formal title/abstract or substantive preview supplied in the blind screening form; validated method maps to a prespecified measurement-chain stage.,
R304,ABSTRACT/PREVIEW,DIRECT-EMPIRICAL,"Directly evaluates a stockpile or bulk-material geometry, volume, mass, inventory, or a directly targeted measurement-chain component in the intended domain.",Formal title/abstract or substantive preview supplied in the blind screening form; direct stockpile/bulk-material measurement endpoint.,
R305,ABSTRACT/PREVIEW,EXCLUDE-OTHER,Outside stockpile or bulk-material measurement and does not provide necessary transferable evidence for the specified three-dimensional measurement chain.,Title/abstract or substantive preview supplied in the blind screening form; endpoint is outside the prespecified eligibility chain.,
R306,ABSTRACT/PREVIEW,EXCLUDE-OTHER,Outside stockpile or bulk-material measurement and does not provide necessary transferable evidence for the specified three-dimensional measurement chain.,Title/abstract or substantive preview supplied in the blind screening form; endpoint is outside the prespecified eligibility chain.,
R307,ABSTRACT/PREVIEW,EXCLUDE-OTHER,Outside stockpile or bulk-material measurement and does not provide necessary transferable evidence for the specified three-dimensional measurement chain.,Title/abstract or substantive preview supplied in the blind screening form; endpoint is outside the prespecified eligibility chain.,
R308,ABSTRACT/PREVIEW,EXCLUDE-OTHER,Outside stockpile or bulk-material measurement and does not provide necessary transferable evidence for the specified three-dimensional measurement chain.,Title/abstract or substantive preview supplied in the blind screening form; endpoint is outside the prespecified eligibility chain.,
R309,ABSTRACT/PREVIEW,EXCLUDE-OTHER,Outside stockpile or bulk-material measurement and does not provide necessary transferable evidence for the specified three-dimensional measurement chain.,Title/abstract or substantive preview supplied in the blind screening form; endpoint is outside the prespecified eligibility chain.,
R310,ABSTRACT/PREVIEW,EXCLUDE-OTHER,Outside stockpile or bulk-material measurement and does not provide necessary transferable evidence for the specified three-dimensional measurement chain.,Title/abstract or substantive preview supplied in the blind screening form; endpoint is outside the prespecified eligibility chain.,
R311,ABSTRACT/PREVIEW,TRANSFER-METHOD,"Transferable method directly addresses a prespecified measurement-chain stage such as acquisition, registration, reference-surface modelling, segmentation, uncertainty, or three-dimensional change detection.",Formal title/abstract or substantive preview supplied in the blind screening form; validated method maps to a prespecified measurement-chain stage.,
R312,ABSTRACT/PREVIEW,DIRECT-EMPIRICAL,"Directly evaluates a stockpile or bulk-material geometry, volume, mass, inventory, or a directly targeted measurement-chain component in the intended domain.",Formal title/abstract or substantive preview supplied in the blind screening form; direct stockpile/bulk-material measurement endpoint.,
R313,ABSTRACT/PREVIEW,DIRECT-EMPIRICAL,"Directly evaluates a stockpile or bulk-material geometry, volume, mass, inventory, or a directly targeted measurement-chain component in the intended domain.",Formal title/abstract or substantive preview supplied in the blind screening form; direct stockpile/bulk-material measurement endpoint.,
R314,ABSTRACT/PREVIEW,DIRECT-EMPIRICAL,"Directly evaluates a stockpile or bulk-material geometry, volume, mass, inventory, or a directly targeted measurement-chain component in the intended domain.",Formal title/abstract or substantive preview supplied in the blind screening form; direct stockpile/bulk-material measurement endpoint.,
R315,ABSTRACT/PREVIEW,EXCLUDE-OTHER,Outside stockpile or bulk-material measurement and does not provide necessary transferable evidence for the specified three-dimensional measurement chain.,Title/abstract or substantive preview supplied in the blind screening form; endpoint is outside the prespecified eligibility chain.,
R316,ABSTRACT/PREVIEW,DIRECT-EMPIRICAL,"Directly evaluates a stockpile or bulk-material geometry, volume, mass, inventory, or a directly targeted measurement-chain component in the intended domain.",Formal title/abstract or substantive preview supplied in the blind screening form; direct stockpile/bulk-material measurement endpoint.,
R317,ABSTRACT/PREVIEW,TRANSFER-METHOD,"Transferable method directly addresses a prespecified measurement-chain stage such as acquisition, registration, reference-surface modelling, segmentation, uncertainty, or three-dimensional change detection.",Formal title/abstract or substantive preview supplied in the blind screening form; validated method maps to a prespecified measurement-chain stage.,
R318,ABSTRACT/PREVIEW,DIRECT-EMPIRICAL,"Directly evaluates a stockpile or bulk-material geometry, volume, mass, inventory, or a directly targeted measurement-chain component in the intended domain.",Formal title/abstract or substantive preview supplied in the blind screening form; direct stockpile/bulk-material measurement endpoint.,
R319,ABSTRACT/PREVIEW,EXCLUDE-OTHER,Outside stockpile or bulk-material measurement and does not provide necessary transferable evidence for the specified three-dimensional measurement chain.,Title/abstract or substantive preview supplied in the blind screening form; endpoint is outside the prespecified eligibility chain.,
R320,ABSTRACT/PREVIEW,EXCLUDE-OTHER,Outside stockpile or bulk-material measurement and does not provide necessary transferable evidence for the specified three-dimensional measurement chain.,Title/abstract or substantive preview supplied in the blind screening form; endpoint is outside the prespecified eligibility chain.,
R321,ABSTRACT/PREVIEW,EXCLUDE-OTHER,Outside stockpile or bulk-material measurement and does not provide necessary transferable evidence for the specified three-dimensional measurement chain.,Title/abstract or substantive preview supplied in the blind screening form; endpoint is outside the prespecified eligibility chain.,
R322,ABSTRACT/PREVIEW,TRANSFER-METHOD,"Transferable method directly addresses a prespecified measurement-chain stage such as acquisition, registration, reference-surface modelling, segmentation, uncertainty, or three-dimensional change detection.",Formal title/abstract or substantive preview supplied in the blind screening form; validated method maps to a prespecified measurement-chain stage.,
R323,ABSTRACT/PREVIEW,TRANSFER-METHOD,"Transferable method directly addresses a prespecified measurement-chain stage such as acquisition, registration, reference-surface modelling, segmentation, uncertainty, or three-dimensional change detection.",Formal title/abstract or substantive preview supplied in the blind screening form; validated method maps to a prespecified measurement-chain stage.,
R324,ABSTRACT/PREVIEW,SUPPORT-BACKGROUND,"Relevant sensing or robotics context, but it does not provide a necessary validated contribution to the stockpile three-dimensional measurement chain.",Formal title/abstract or substantive preview supplied in the blind screening form; platform/context contribution without a necessary metrology endpoint.,
R325,ABSTRACT/PREVIEW,DIRECT-EMPIRICAL,"Directly evaluates a stockpile or bulk-material geometry, volume, mass, inventory, or a directly targeted measurement-chain component in the intended domain.",Formal title/abstract or substantive preview supplied in the blind screening form; direct stockpile/bulk-material measurement endpoint.,
R326,ABSTRACT/PREVIEW,EXCLUDE-OTHER,Outside stockpile or bulk-material measurement and does not provide necessary transferable evidence for the specified three-dimensional measurement chain.,Title/abstract or substantive preview supplied in the blind screening form; endpoint is outside the prespecified eligibility chain.,
R327,ABSTRACT/PREVIEW,EXCLUDE-OTHER,Outside stockpile or bulk-material measurement and does not provide necessary transferable evidence for the specified three-dimensional measurement chain.,Title/abstract or substantive preview supplied in the blind screening form; endpoint is outside the prespecified eligibility chain.,
R328,ABSTRACT/PREVIEW,DIRECT-EMPIRICAL,"Directly evaluates a stockpile or bulk-material geometry, volume, mass, inventory, or a directly targeted measurement-chain component in the intended domain.",Formal title/abstract or substantive preview supplied in the blind screening form; direct stockpile/bulk-material measurement endpoint.,
R329,ABSTRACT/PREVIEW,TRANSFER-METHOD,"Transferable method directly addresses a prespecified measurement-chain stage such as acquisition, registration, reference-surface modelling, segmentation, uncertainty, or three-dimensional change detection.",Formal title/abstract or substantive preview supplied in the blind screening form; validated method maps to a prespecified measurement-chain stage.,
R330,ABSTRACT/PREVIEW,TRANSFER-METHOD,"Transferable method directly addresses a prespecified measurement-chain stage such as acquisition, registration, reference-surface modelling, segmentation, uncertainty, or three-dimensional change detection.",Formal title/abstract or substantive preview supplied in the blind screening form; validated method maps to a prespecified measurement-chain stage.,
R331,ABSTRACT/PREVIEW,DIRECT-EMPIRICAL,"Directly evaluates a stockpile or bulk-material geometry, volume, mass, inventory, or a directly targeted measurement-chain component in the intended domain.",Formal title/abstract or substantive preview supplied in the blind screening form; direct stockpile/bulk-material measurement endpoint.,
R332,ABSTRACT/PREVIEW,DIRECT-EMPIRICAL,"Directly evaluates a stockpile or bulk-material geometry, volume, mass, inventory, or a directly targeted measurement-chain component in the intended domain.",Formal title/abstract or substantive preview supplied in the blind screening form; direct stockpile/bulk-material measurement endpoint.,
R333,ABSTRACT/PREVIEW,TRANSFER-METHOD,"Transferable method directly addresses a prespecified measurement-chain stage such as acquisition, registration, reference-surface modelling, segmentation, uncertainty, or three-dimensional change detection.",Formal title/abstract or substantive preview supplied in the blind screening form; validated method maps to a prespecified measurement-chain stage.,
R334,ABSTRACT/PREVIEW,EXCLUDE-OTHER,Outside stockpile or bulk-material measurement and does not provide necessary transferable evidence for the specified three-dimensional measurement chain.,Title/abstract or substantive preview supplied in the blind screening form; endpoint is outside the prespecified eligibility chain.,
R335,ABSTRACT/PREVIEW,DIRECT-EMPIRICAL,"Directly evaluates a stockpile or bulk-material geometry, volume, mass, inventory, or a directly targeted measurement-chain component in the intended domain.",Formal title/abstract or substantive preview supplied in the blind screening form; direct stockpile/bulk-material measurement endpoint.,
R336,ABSTRACT/PREVIEW,SUPPORT-BACKGROUND,"Relevant sensing or robotics context, but it does not provide a necessary validated contribution to the stockpile three-dimensional measurement chain.",Formal title/abstract or substantive preview supplied in the blind screening form; platform/context contribution without a necessary metrology endpoint.,
R337,ABSTRACT/PREVIEW,SUPPORT-BACKGROUND,"Relevant sensing or robotics context, but it does not provide a necessary validated contribution to the stockpile three-dimensional measurement chain.",Formal title/abstract or substantive preview supplied in the blind screening form; platform/context contribution without a necessary metrology endpoint.,
R338,ABSTRACT/PREVIEW,SUPPORT-BACKGROUND,"Relevant sensing or robotics context, but it does not provide a necessary validated contribution to the stockpile three-dimensional measurement chain.",Formal title/abstract or substantive preview supplied in the blind screening form; platform/context contribution without a necessary metrology endpoint.,
R339,ABSTRACT/PREVIEW,TRANSFER-METHOD,"Transferable method directly addresses a prespecified measurement-chain stage such as acquisition, registration, reference-surface modelling, segmentation, uncertainty, or three-dimensional change detection.",Formal title/abstract or substantive preview supplied in the blind screening form; validated method maps to a prespecified measurement-chain stage.,
R340,ABSTRACT/PREVIEW,DIRECT-EMPIRICAL,"Directly evaluates a stockpile or bulk-material geometry, volume, mass, inventory, or a directly targeted measurement-chain component in the intended domain.",Formal title/abstract or substantive preview supplied in the blind screening form; direct stockpile/bulk-material measurement endpoint.,
R341,ABSTRACT/PREVIEW,TRANSFER-METHOD,"Transferable method directly addresses a prespecified measurement-chain stage such as acquisition, registration, reference-surface modelling, segmentation, uncertainty, or three-dimensional change detection.",Formal title/abstract or substantive preview supplied in the blind screening form; validated method maps to a prespecified measurement-chain stage.,
R342,ABSTRACT/PREVIEW,EXCLUDE-OTHER,Outside stockpile or bulk-material measurement and does not provide necessary transferable evidence for the specified three-dimensional measurement chain.,Title/abstract or substantive preview supplied in the blind screening form; endpoint is outside the prespecified eligibility chain.,
R343,ABSTRACT/PREVIEW,EXCLUDE-OTHER,Outside stockpile or bulk-material measurement and does not provide necessary transferable evidence for the specified three-dimensional measurement chain.,Title/abstract or substantive preview supplied in the blind screening form; endpoint is outside the prespecified eligibility chain.,
R344,ABSTRACT/PREVIEW,EXCLUDE-OTHER,Outside stockpile or bulk-material measurement and does not provide necessary transferable evidence for the specified three-dimensional measurement chain.,Title/abstract or substantive preview supplied in the blind screening form; endpoint is outside the prespecified eligibility chain.,
R345,ABSTRACT/PREVIEW,EXCLUDE-OTHER,Outside stockpile or bulk-material measurement and does not provide necessary transferable evidence for the specified three-dimensional measurement chain.,Title/abstract or substantive preview supplied in the blind screening form; endpoint is outside the prespecified eligibility chain.,
R346,ABSTRACT/PREVIEW,EXCLUDE-OTHER,Outside stockpile or bulk-material measurement and does not provide necessary transferable evidence for the specified three-dimensional measurement chain.,Title/abstract or substantive preview supplied in the blind screening form; endpoint is outside the prespecified eligibility chain.,
R347,ABSTRACT/PREVIEW,DIRECT-EMPIRICAL,"Directly evaluates a stockpile or bulk-material geometry, volume, mass, inventory, or a directly targeted measurement-chain component in the intended domain.",Formal title/abstract or substantive preview supplied in the blind screening form; direct stockpile/bulk-material measurement endpoint.,
R348,ABSTRACT/PREVIEW,TRANSFER-METHOD,"Transferable method directly addresses a prespecified measurement-chain stage such as acquisition, registration, reference-surface modelling, segmentation, uncertainty, or three-dimensional change detection.",Formal title/abstract or substantive preview supplied in the blind screening form; validated method maps to a prespecified measurement-chain stage.,
R349,ABSTRACT/PREVIEW,EXCLUDE-OTHER,Outside stockpile or bulk-material measurement and does not provide necessary transferable evidence for the specified three-dimensional measurement chain.,Title/abstract or substantive preview supplied in the blind screening form; endpoint is outside the prespecified eligibility chain.,
R350,ABSTRACT/PREVIEW,DIRECT-EMPIRICAL,"Directly evaluates a stockpile or bulk-material geometry, volume, mass, inventory, or a directly targeted measurement-chain component in the intended domain.",Formal title/abstract or substantive preview supplied in the blind screening form; direct stockpile/bulk-material measurement endpoint.,
R351,ABSTRACT/PREVIEW,EXCLUDE-OTHER,Outside stockpile or bulk-material measurement and does not provide necessary transferable evidence for the specified three-dimensional measurement chain.,Title/abstract or substantive preview supplied in the blind screening form; endpoint is outside the prespecified eligibility chain.,
R352,ABSTRACT/PREVIEW,DIRECT-EMPIRICAL,"Directly evaluates a stockpile or bulk-material geometry, volume, mass, inventory, or a directly targeted measurement-chain component in the intended domain.",Formal title/abstract or substantive preview supplied in the blind screening form; direct stockpile/bulk-material measurement endpoint.,
R353,ABSTRACT/PREVIEW,TRANSFER-METHOD,"Transferable method directly addresses a prespecified measurement-chain stage such as acquisition, registration, reference-surface modelling, segmentation, uncertainty, or three-dimensional change detection.",Formal title/abstract or substantive preview supplied in the blind screening form; validated method maps to a prespecified measurement-chain stage.,
R354,ABSTRACT/PREVIEW,EXCLUDE-OTHER,Outside stockpile or bulk-material measurement and does not provide necessary transferable evidence for the specified three-dimensional measurement chain.,Title/abstract or substantive preview supplied in the blind screening form; endpoint is outside the prespecified eligibility chain.,
R355,ABSTRACT/PREVIEW,DIRECT-EMPIRICAL,"Directly evaluates a stockpile or bulk-material geometry, volume, mass, inventory, or a directly targeted measurement-chain component in the intended domain.",Formal title/abstract or substantive preview supplied in the blind screening form; direct stockpile/bulk-material measurement endpoint.,
R356,ABSTRACT/PREVIEW,DIRECT-EMPIRICAL,"Directly evaluates a stockpile or bulk-material geometry, volume, mass, inventory, or a directly targeted measurement-chain component in the intended domain.",Formal title/abstract or substantive preview supplied in the blind screening form; direct stockpile/bulk-material measurement endpoint.,
R357,ABSTRACT/PREVIEW,DIRECT-EMPIRICAL,"Directly evaluates a stockpile or bulk-material geometry, volume, mass, inventory, or a directly targeted measurement-chain component in the intended domain.",Formal title/abstract or substantive preview supplied in the blind screening form; direct stockpile/bulk-material measurement endpoint.,
R358,ABSTRACT/PREVIEW,SUPPORT-BACKGROUND,"Relevant sensing or robotics context, but it does not provide a necessary validated contribution to the stockpile three-dimensional measurement chain.",Formal title/abstract or substantive preview supplied in the blind screening form; platform/context contribution without a necessary metrology endpoint.,
R359,ABSTRACT/PREVIEW,DIRECT-EMPIRICAL,"Directly evaluates a stockpile or bulk-material geometry, volume, mass, inventory, or a directly targeted measurement-chain component in the intended domain.",Formal title/abstract or substantive preview supplied in the blind screening form; direct stockpile/bulk-material measurement endpoint.,
R360,ABSTRACT/PREVIEW,EXCLUDE-OTHER,Outside stockpile or bulk-material measurement and does not provide necessary transferable evidence for the specified three-dimensional measurement chain.,Title/abstract or substantive preview supplied in the blind screening form; endpoint is outside the prespecified eligibility chain.,
R361,ABSTRACT/PREVIEW,DIRECT-EMPIRICAL,"Directly evaluates a stockpile or bulk-material geometry, volume, mass, inventory, or a directly targeted measurement-chain component in the intended domain.",Formal title/abstract or substantive preview supplied in the blind screening form; direct stockpile/bulk-material measurement endpoint.,
R362,ABSTRACT/PREVIEW,TRANSFER-METHOD,"Transferable method directly addresses a prespecified measurement-chain stage such as acquisition, registration, reference-surface modelling, segmentation, uncertainty, or three-dimensional change detection.",Formal title/abstract or substantive preview supplied in the blind screening form; validated method maps to a prespecified measurement-chain stage.,
R363,ABSTRACT/PREVIEW,EXCLUDE-OTHER,Outside stockpile or bulk-material measurement and does not provide necessary transferable evidence for the specified three-dimensional measurement chain.,Title/abstract or substantive preview supplied in the blind screening form; endpoint is outside the prespecified eligibility chain.,
R364,ABSTRACT/PREVIEW,EXCLUDE-OTHER,Outside stockpile or bulk-material measurement and does not provide necessary transferable evidence for the specified three-dimensional measurement chain.,Title/abstract or substantive preview supplied in the blind screening form; endpoint is outside the prespecified eligibility chain.,
R365,ABSTRACT/PREVIEW,DIRECT-EMPIRICAL,"Directly evaluates a stockpile or bulk-material geometry, volume, mass, inventory, or a directly targeted measurement-chain component in the intended domain.",Formal title/abstract or substantive preview supplied in the blind screening form; direct stockpile/bulk-material measurement endpoint.,
R366,ABSTRACT/PREVIEW,DIRECT-EMPIRICAL,"Directly evaluates a stockpile or bulk-material geometry, volume, mass, inventory, or a directly targeted measurement-chain component in the intended domain.",Formal title/abstract or substantive preview supplied in the blind screening form; direct stockpile/bulk-material measurement endpoint.,
R367,ABSTRACT/PREVIEW,DIRECT-EMPIRICAL,"Directly evaluates a stockpile or bulk-material geometry, volume, mass, inventory, or a directly targeted measurement-chain component in the intended domain.",Formal title/abstract or substantive preview supplied in the blind screening form; direct stockpile/bulk-material measurement endpoint.,
R368,ABSTRACT/PREVIEW,DIRECT-EMPIRICAL,"Directly evaluates a stockpile or bulk-material geometry, volume, mass, inventory, or a directly targeted measurement-chain component in the intended domain.",Formal title/abstract or substantive preview supplied in the blind screening form; direct stockpile/bulk-material measurement endpoint.,
R369,ABSTRACT/PREVIEW,EXCLUDE-OTHER,Outside stockpile or bulk-material measurement and does not provide necessary transferable evidence for the specified three-dimensional measurement chain.,Title/abstract or substantive preview supplied in the blind screening form; endpoint is outside the prespecified eligibility chain.,
R370,ABSTRACT/PREVIEW,EXCLUDE-OTHER,Outside stockpile or bulk-material measurement and does not provide necessary transferable evidence for the specified three-dimensional measurement chain.,Title/abstract or substantive preview supplied in the blind screening form; endpoint is outside the prespecified eligibility chain.,
R371,ABSTRACT/PREVIEW,TRANSFER-METHOD,"Transferable method directly addresses a prespecified measurement-chain stage such as acquisition, registration, reference-surface modelling, segmentation, uncertainty, or three-dimensional change detection.",Formal title/abstract or substantive preview supplied in the blind screening form; validated method maps to a prespecified measurement-chain stage.,
R372,ABSTRACT/PREVIEW,DIRECT-EMPIRICAL,"Directly evaluates a stockpile or bulk-material geometry, volume, mass, inventory, or a directly targeted measurement-chain component in the intended domain.",Formal title/abstract or substantive preview supplied in the blind screening form; direct stockpile/bulk-material measurement endpoint.,
R373,ABSTRACT/PREVIEW,EXCLUDE-OTHER,Outside stockpile or bulk-material measurement and does not provide necessary transferable evidence for the specified three-dimensional measurement chain.,Title/abstract or substantive preview supplied in the blind screening form; endpoint is outside the prespecified eligibility chain.,
R374,ABSTRACT/PREVIEW,EXCLUDE-OTHER,Outside stockpile or bulk-material measurement and does not provide necessary transferable evidence for the specified three-dimensional measurement chain.,Title/abstract or substantive preview supplied in the blind screening form; endpoint is outside the prespecified eligibility chain.,
R375,ABSTRACT/PREVIEW,EXCLUDE-OTHER,Outside stockpile or bulk-material measurement and does not provide necessary transferable evidence for the specified three-dimensional measurement chain.,Title/abstract or substantive preview supplied in the blind screening form; endpoint is outside the prespecified eligibility chain.,
R376,ABSTRACT/PREVIEW,TRANSFER-METHOD,"Transferable method directly addresses a prespecified measurement-chain stage such as acquisition, registration, reference-surface modelling, segmentation, uncertainty, or three-dimensional change detection.",Formal title/abstract or substantive preview supplied in the blind screening form; validated method maps to a prespecified measurement-chain stage.,
R377,ABSTRACT/PREVIEW,SUPPORT-BACKGROUND,"Relevant sensing or robotics context, but it does not provide a necessary validated contribution to the stockpile three-dimensional measurement chain.",Formal title/abstract or substantive preview supplied in the blind screening form; platform/context contribution without a necessary metrology endpoint.,
R378,ABSTRACT/PREVIEW,TRANSFER-METHOD,"Transferable method directly addresses a prespecified measurement-chain stage such as acquisition, registration, reference-surface modelling, segmentation, uncertainty, or three-dimensional change detection.",Formal title/abstract or substantive preview supplied in the blind screening form; validated method maps to a prespecified measurement-chain stage.,
R379,ABSTRACT/PREVIEW,DIRECT-EMPIRICAL,"Directly evaluates a stockpile or bulk-material geometry, volume, mass, inventory, or a directly targeted measurement-chain component in the intended domain.",Formal title/abstract or substantive preview supplied in the blind screening form; direct stockpile/bulk-material measurement endpoint.,
R380,ABSTRACT/PREVIEW,DIRECT-EMPIRICAL,"Directly evaluates a stockpile or bulk-material geometry, volume, mass, inventory, or a directly targeted measurement-chain component in the intended domain.",Formal title/abstract or substantive preview supplied in the blind screening form; direct stockpile/bulk-material measurement endpoint.,
R381,ABSTRACT/PREVIEW,SUPPORT-BACKGROUND,"Relevant sensing or robotics context, but it does not provide a necessary validated contribution to the stockpile three-dimensional measurement chain.",Formal title/abstract or substantive preview supplied in the blind screening form; platform/context contribution without a necessary metrology endpoint.,
R382,ABSTRACT/PREVIEW,DIRECT-EMPIRICAL,"Directly evaluates a stockpile or bulk-material geometry, volume, mass, inventory, or a directly targeted measurement-chain component in the intended domain.",Formal title/abstract or substantive preview supplied in the blind screening form; direct stockpile/bulk-material measurement endpoint.,
R383,ABSTRACT/PREVIEW,EXCLUDE-OTHER,Outside stockpile or bulk-material measurement and does not provide necessary transferable evidence for the specified three-dimensional measurement chain.,Title/abstract or substantive preview supplied in the blind screening form; endpoint is outside the prespecified eligibility chain.,
R384,ABSTRACT/PREVIEW,SUPPORT-BACKGROUND,"Relevant sensing or robotics context, but it does not provide a necessary validated contribution to the stockpile three-dimensional measurement chain.",Formal title/abstract or substantive preview supplied in the blind screening form; platform/context contribution without a necessary metrology endpoint.,
R385,ABSTRACT/PREVIEW,DIRECT-EMPIRICAL,"Directly evaluates a stockpile or bulk-material geometry, volume, mass, inventory, or a directly targeted measurement-chain component in the intended domain.",Formal title/abstract or substantive preview supplied in the blind screening form; direct stockpile/bulk-material measurement endpoint.,
R386,ABSTRACT/PREVIEW,EXCLUDE-OTHER,Outside stockpile or bulk-material measurement and does not provide necessary transferable evidence for the specified three-dimensional measurement chain.,Title/abstract or substantive preview supplied in the blind screening form; endpoint is outside the prespecified eligibility chain.,
R387,ABSTRACT/PREVIEW,EXCLUDE-OTHER,Outside stockpile or bulk-material measurement and does not provide necessary transferable evidence for the specified three-dimensional measurement chain.,Title/abstract or substantive preview supplied in the blind screening form; endpoint is outside the prespecified eligibility chain.,
R388,ABSTRACT/PREVIEW,TRANSFER-METHOD,"Transferable method directly addresses a prespecified measurement-chain stage such as acquisition, registration, reference-surface modelling, segmentation, uncertainty, or three-dimensional change detection.",Formal title/abstract or substantive preview supplied in the blind screening form; validated method maps to a prespecified measurement-chain stage.,
R389,ABSTRACT/PREVIEW,EXCLUDE-OTHER,Outside stockpile or bulk-material measurement and does not provide necessary transferable evidence for the specified three-dimensional measurement chain.,Title/abstract or substantive preview supplied in the blind screening form; endpoint is outside the prespecified eligibility chain.,
R390,ABSTRACT/PREVIEW,TRANSFER-METHOD,"Transferable method directly addresses a prespecified measurement-chain stage such as acquisition, registration, reference-surface modelling, segmentation, uncertainty, or three-dimensional change detection.",Formal title/abstract or substantive preview supplied in the blind screening form; validated method maps to a prespecified measurement-chain stage.,
R391,ABSTRACT/PREVIEW,DIRECT-EMPIRICAL,"Directly evaluates a stockpile or bulk-material geometry, volume, mass, inventory, or a directly targeted measurement-chain component in the intended domain.",Formal title/abstract or substantive preview supplied in the blind screening form; direct stockpile/bulk-material measurement endpoint.,
R392,ABSTRACT/PREVIEW,TRANSFER-METHOD,"Transferable method directly addresses a prespecified measurement-chain stage such as acquisition, registration, reference-surface modelling, segmentation, uncertainty, or three-dimensional change detection.",Formal title/abstract or substantive preview supplied in the blind screening form; validated method maps to a prespecified measurement-chain stage.,
R393,ABSTRACT/PREVIEW,EXCLUDE-OTHER,Outside stockpile or bulk-material measurement and does not provide necessary transferable evidence for the specified three-dimensional measurement chain.,Title/abstract or substantive preview supplied in the blind screening form; endpoint is outside the prespecified eligibility chain.,
R394,ABSTRACT/PREVIEW,TRANSFER-METHOD,"Transferable method directly addresses a prespecified measurement-chain stage such as acquisition, registration, reference-surface modelling, segmentation, uncertainty, or three-dimensional change detection.",Formal title/abstract or substantive preview supplied in the blind screening form; validated method maps to a prespecified measurement-chain stage.,
R395,ABSTRACT/PREVIEW,TRANSFER-METHOD,"Transferable method directly addresses a prespecified measurement-chain stage such as acquisition, registration, reference-surface modelling, segmentation, uncertainty, or three-dimensional change detection.",Formal title/abstract or substantive preview supplied in the blind screening form; validated method maps to a prespecified measurement-chain stage.,
R396,ABSTRACT/PREVIEW,EXCLUDE-OTHER,Outside stockpile or bulk-material measurement and does not provide necessary transferable evidence for the specified three-dimensional measurement chain.,Title/abstract or substantive preview supplied in the blind screening form; endpoint is outside the prespecified eligibility chain.,
R397,ABSTRACT/PREVIEW,EXCLUDE-OTHER,Outside stockpile or bulk-material measurement and does not provide necessary transferable evidence for the specified three-dimensional measurement chain.,Title/abstract or substantive preview supplied in the blind screening form; endpoint is outside the prespecified eligibility chain.,
R398,ABSTRACT/PREVIEW,SUPPORT-BACKGROUND,"Relevant sensing or robotics context, but it does not provide a necessary validated contribution to the stockpile three-dimensional measurement chain.",Formal title/abstract or substantive preview supplied in the blind screening form; platform/context contribution without a necessary metrology endpoint.,
R399,ABSTRACT/PREVIEW,TRANSFER-METHOD,"Transferable method directly addresses a prespecified measurement-chain stage such as acquisition, registration, reference-surface modelling, segmentation, uncertainty, or three-dimensional change detection.",Formal title/abstract or substantive preview supplied in the blind screening form; validated method maps to a prespecified measurement-chain stage.,
R400,ABSTRACT/PREVIEW,EXCLUDE-OTHER,Outside stockpile or bulk-material measurement and does not provide necessary transferable evidence for the specified three-dimensional measurement chain.,Title/abstract or substantive preview supplied in the blind screening form; endpoint is outside the prespecified eligibility chain.,
R401,ABSTRACT/PREVIEW,SUPPORT-BACKGROUND,"Relevant sensing or robotics context, but it does not provide a necessary validated contribution to the stockpile three-dimensional measurement chain.",Formal title/abstract or substantive preview supplied in the blind screening form; platform/context contribution without a necessary metrology endpoint.,
R402,ABSTRACT/PREVIEW,EXCLUDE-OTHER,Outside stockpile or bulk-material measurement and does not provide necessary transferable evidence for the specified three-dimensional measurement chain.,Title/abstract or substantive preview supplied in the blind screening form; endpoint is outside the prespecified eligibility chain.,
R403,ABSTRACT/PREVIEW,DIRECT-EMPIRICAL,"Directly evaluates a stockpile or bulk-material geometry, volume, mass, inventory, or a directly targeted measurement-chain component in the intended domain.",Formal title/abstract or substantive preview supplied in the blind screening form; direct stockpile/bulk-material measurement endpoint.,
R404,ABSTRACT/PREVIEW,EXCLUDE-OTHER,Outside stockpile or bulk-material measurement and does not provide necessary transferable evidence for the specified three-dimensional measurement chain.,Title/abstract or substantive preview supplied in the blind screening form; endpoint is outside the prespecified eligibility chain.,
R405,ABSTRACT/PREVIEW,TRANSFER-METHOD,"Transferable method directly addresses a prespecified measurement-chain stage such as acquisition, registration, reference-surface modelling, segmentation, uncertainty, or three-dimensional change detection.",Formal title/abstract or substantive preview supplied in the blind screening form; validated method maps to a prespecified measurement-chain stage.,
R406,ABSTRACT/PREVIEW,SUPPORT-BACKGROUND,"Relevant sensing or robotics context, but it does not provide a necessary validated contribution to the stockpile three-dimensional measurement chain.",Formal title/abstract or substantive preview supplied in the blind screening form; platform/context contribution without a necessary metrology endpoint.,
R407,ABSTRACT/PREVIEW,EXCLUDE-OTHER,Outside stockpile or bulk-material measurement and does not provide necessary transferable evidence for the specified three-dimensional measurement chain.,Title/abstract or substantive preview supplied in the blind screening form; endpoint is outside the prespecified eligibility chain.,
R408,ABSTRACT/PREVIEW,EXCLUDE-OTHER,Outside stockpile or bulk-material measurement and does not provide necessary transferable evidence for the specified three-dimensional measurement chain.,Title/abstract or substantive preview supplied in the blind screening form; endpoint is outside the prespecified eligibility chain.,
R409,ABSTRACT/PREVIEW,TRANSFER-METHOD,"Transferable method directly addresses a prespecified measurement-chain stage such as acquisition, registration, reference-surface modelling, segmentation, uncertainty, or three-dimensional change detection.",Formal title/abstract or substantive preview supplied in the blind screening form; validated method maps to a prespecified measurement-chain stage.,
R410,ABSTRACT/PREVIEW,DIRECT-EMPIRICAL,"Directly evaluates a stockpile or bulk-material geometry, volume, mass, inventory, or a directly targeted measurement-chain component in the intended domain.",Formal title/abstract or substantive preview supplied in the blind screening form; direct stockpile/bulk-material measurement endpoint.,
R411,ABSTRACT/PREVIEW,TRANSFER-METHOD,"Transferable method directly addresses a prespecified measurement-chain stage such as acquisition, registration, reference-surface modelling, segmentation, uncertainty, or three-dimensional change detection.",Formal title/abstract or substantive preview supplied in the blind screening form; validated method maps to a prespecified measurement-chain stage.,
R412,ABSTRACT/PREVIEW,EXCLUDE-OTHER,Outside stockpile or bulk-material measurement and does not provide necessary transferable evidence for the specified three-dimensional measurement chain.,Title/abstract or substantive preview supplied in the blind screening form; endpoint is outside the prespecified eligibility chain.,
R413,ABSTRACT/PREVIEW,SUPPORT-BACKGROUND,"Relevant sensing or robotics context, but it does not provide a necessary validated contribution to the stockpile three-dimensional measurement chain.",Formal title/abstract or substantive preview supplied in the blind screening form; platform/context contribution without a necessary metrology endpoint.,
R414,ABSTRACT/PREVIEW,EXCLUDE-OTHER,Outside stockpile or bulk-material measurement and does not provide necessary transferable evidence for the specified three-dimensional measurement chain.,Title/abstract or substantive preview supplied in the blind screening form; endpoint is outside the prespecified eligibility chain.,
R415,ABSTRACT/PREVIEW,DIRECT-EMPIRICAL,"Directly evaluates a stockpile or bulk-material geometry, volume, mass, inventory, or a directly targeted measurement-chain component in the intended domain.",Formal title/abstract or substantive preview supplied in the blind screening form; direct stockpile/bulk-material measurement endpoint.,
R416,ABSTRACT/PREVIEW,TRANSFER-METHOD,"Transferable method directly addresses a prespecified measurement-chain stage such as acquisition, registration, reference-surface modelling, segmentation, uncertainty, or three-dimensional change detection.",Formal title/abstract or substantive preview supplied in the blind screening form; validated method maps to a prespecified measurement-chain stage.,
R417,ABSTRACT/PREVIEW,EXCLUDE-OTHER,Outside stockpile or bulk-material measurement and does not provide necessary transferable evidence for the specified three-dimensional measurement chain.,Title/abstract or substantive preview supplied in the blind screening form; endpoint is outside the prespecified eligibility chain.,
R418,ABSTRACT/PREVIEW,TRANSFER-METHOD,"Transferable method directly addresses a prespecified measurement-chain stage such as acquisition, registration, reference-surface modelling, segmentation, uncertainty, or three-dimensional change detection.",Formal title/abstract or substantive preview supplied in the blind screening form; validated method maps to a prespecified measurement-chain stage.,
R419,ABSTRACT/PREVIEW,TRANSFER-METHOD,"Transferable method directly addresses a prespecified measurement-chain stage such as acquisition, registration, reference-surface modelling, segmentation, uncertainty, or three-dimensional change detection.",Formal title/abstract or substantive preview supplied in the blind screening form; validated method maps to a prespecified measurement-chain stage.,
R420,ABSTRACT/PREVIEW,DIRECT-EMPIRICAL,"Directly evaluates a stockpile or bulk-material geometry, volume, mass, inventory, or a directly targeted measurement-chain component in the intended domain.",Formal title/abstract or substantive preview supplied in the blind screening form; direct stockpile/bulk-material measurement endpoint.,
R421,ABSTRACT/PREVIEW,EXCLUDE-OTHER,Outside stockpile or bulk-material measurement and does not provide necessary transferable evidence for the specified three-dimensional measurement chain.,Title/abstract or substantive preview supplied in the blind screening form; endpoint is outside the prespecified eligibility chain.,
R422,ABSTRACT/PREVIEW,DIRECT-EMPIRICAL,"Directly evaluates a stockpile or bulk-material geometry, volume, mass, inventory, or a directly targeted measurement-chain component in the intended domain.",Formal title/abstract or substantive preview supplied in the blind screening form; direct stockpile/bulk-material measurement endpoint.,
R423,ABSTRACT/PREVIEW,DIRECT-EMPIRICAL,"Directly evaluates a stockpile or bulk-material geometry, volume, mass, inventory, or a directly targeted measurement-chain component in the intended domain.",Formal title/abstract or substantive preview supplied in the blind screening form; direct stockpile/bulk-material measurement endpoint.,
R424,ABSTRACT/PREVIEW,TRANSFER-METHOD,"Transferable method directly addresses a prespecified measurement-chain stage such as acquisition, registration, reference-surface modelling, segmentation, uncertainty, or three-dimensional change detection.",Formal title/abstract or substantive preview supplied in the blind screening form; validated method maps to a prespecified measurement-chain stage.,
R425,ABSTRACT/PREVIEW,EXCLUDE-OTHER,Outside stockpile or bulk-material measurement and does not provide necessary transferable evidence for the specified three-dimensional measurement chain.,Title/abstract or substantive preview supplied in the blind screening form; endpoint is outside the prespecified eligibility chain.,
R426,ABSTRACT/PREVIEW,TRANSFER-METHOD,"Transferable method directly addresses a prespecified measurement-chain stage such as acquisition, registration, reference-surface modelling, segmentation, uncertainty, or three-dimensional change detection.",Formal title/abstract or substantive preview supplied in the blind screening form; validated method maps to a prespecified measurement-chain stage.,
R427,ABSTRACT/PREVIEW,DIRECT-EMPIRICAL,"Directly evaluates a stockpile or bulk-material geometry, volume, mass, inventory, or a directly targeted measurement-chain component in the intended domain.",Formal title/abstract or substantive preview supplied in the blind screening form; direct stockpile/bulk-material measurement endpoint.,
R428,ABSTRACT/PREVIEW,EXCLUDE-OTHER,Outside stockpile or bulk-material measurement and does not provide necessary transferable evidence for the specified three-dimensional measurement chain.,Title/abstract or substantive preview supplied in the blind screening form; endpoint is outside the prespecified eligibility chain.,
R429,ABSTRACT/PREVIEW,DIRECT-EMPIRICAL,"Directly evaluates a stockpile or bulk-material geometry, volume, mass, inventory, or a directly targeted measurement-chain component in the intended domain.",Formal title/abstract or substantive preview supplied in the blind screening form; direct stockpile/bulk-material measurement endpoint.,
R430,ABSTRACT/PREVIEW,EXCLUDE-OTHER,Outside stockpile or bulk-material measurement and does not provide necessary transferable evidence for the specified three-dimensional measurement chain.,Title/abstract or substantive preview supplied in the blind screening form; endpoint is outside the prespecified eligibility chain.,
R431,ABSTRACT/PREVIEW,TRANSFER-METHOD,"Transferable method directly addresses a prespecified measurement-chain stage such as acquisition, registration, reference-surface modelling, segmentation, uncertainty, or three-dimensional change detection.",Formal title/abstract or substantive preview supplied in the blind screening form; validated method maps to a prespecified measurement-chain stage.,
R432,ABSTRACT/PREVIEW,DIRECT-EMPIRICAL,"Directly evaluates a stockpile or bulk-material geometry, volume, mass, inventory, or a directly targeted measurement-chain component in the intended domain.",Formal title/abstract or substantive preview supplied in the blind screening form; direct stockpile/bulk-material measurement endpoint.,
R433,ABSTRACT/PREVIEW,ABSTRACT-ONLY,"Potentially relevant measurement endpoint is indicated, but the supplied record is insufficient to establish a stronger empirical or transferable evidential role.",Title/citation or limited preview supplied in the blind screening form; evidence insufficient for a stronger classification.,
R434,ABSTRACT/PREVIEW,DIRECT-EMPIRICAL,"Directly evaluates a stockpile or bulk-material geometry, volume, mass, inventory, or a directly targeted measurement-chain component in the intended domain.",Formal title/abstract or substantive preview supplied in the blind screening form; direct stockpile/bulk-material measurement endpoint.,
R435,ABSTRACT/PREVIEW,DIRECT-EMPIRICAL,"Directly evaluates a stockpile or bulk-material geometry, volume, mass, inventory, or a directly targeted measurement-chain component in the intended domain.",Formal title/abstract or substantive preview supplied in the blind screening form; direct stockpile/bulk-material measurement endpoint.,
R436,ABSTRACT/PREVIEW,DIRECT-EMPIRICAL,"Directly evaluates a stockpile or bulk-material geometry, volume, mass, inventory, or a directly targeted measurement-chain component in the intended domain.",Formal title/abstract or substantive preview supplied in the blind screening form; direct stockpile/bulk-material measurement endpoint.,
R437,ABSTRACT/PREVIEW,EXCLUDE-OTHER,Outside stockpile or bulk-material measurement and does not provide necessary transferable evidence for the specified three-dimensional measurement chain.,Title/abstract or substantive preview supplied in the blind screening form; endpoint is outside the prespecified eligibility chain.,
R438,ABSTRACT/PREVIEW,DIRECT-EMPIRICAL,"Directly evaluates a stockpile or bulk-material geometry, volume, mass, inventory, or a directly targeted measurement-chain component in the intended domain.",Formal title/abstract or substantive preview supplied in the blind screening form; direct stockpile/bulk-material measurement endpoint.,
R439,ABSTRACT/PREVIEW,EXCLUDE-OTHER,Outside stockpile or bulk-material measurement and does not provide necessary transferable evidence for the specified three-dimensional measurement chain.,Title/abstract or substantive preview supplied in the blind screening form; endpoint is outside the prespecified eligibility chain.,
R440,ABSTRACT/PREVIEW,TRANSFER-METHOD,"Transferable method directly addresses a prespecified measurement-chain stage such as acquisition, registration, reference-surface modelling, segmentation, uncertainty, or three-dimensional change detection.",Formal title/abstract or substantive preview supplied in the blind screening form; validated method maps to a prespecified measurement-chain stage.,
R441,ABSTRACT/PREVIEW,DIRECT-EMPIRICAL,"Directly evaluates a stockpile or bulk-material geometry, volume, mass, inventory, or a directly targeted measurement-chain component in the intended domain.",Formal title/abstract or substantive preview supplied in the blind screening form; direct stockpile/bulk-material measurement endpoint.,
R442,ABSTRACT/PREVIEW,EXCLUDE-OTHER,Outside stockpile or bulk-material measurement and does not provide necessary transferable evidence for the specified three-dimensional measurement chain.,Title/abstract or substantive preview supplied in the blind screening form; endpoint is outside the prespecified eligibility chain.,
R443,ABSTRACT/PREVIEW,EXCLUDE-OTHER,Outside stockpile or bulk-material measurement and does not provide necessary transferable evidence for the specified three-dimensional measurement chain.,Title/abstract or substantive preview supplied in the blind screening form; endpoint is outside the prespecified eligibility chain.,
R444,ABSTRACT/PREVIEW,TRANSFER-METHOD,"Transferable method directly addresses a prespecified measurement-chain stage such as acquisition, registration, reference-surface modelling, segmentation, uncertainty, or three-dimensional change detection.",Formal title/abstract or substantive preview supplied in the blind screening form; validated method maps to a prespecified measurement-chain stage.,
R445,ABSTRACT/PREVIEW,EXCLUDE-OTHER,Outside stockpile or bulk-material measurement and does not provide necessary transferable evidence for the specified three-dimensional measurement chain.,Title/abstract or substantive preview supplied in the blind screening form; endpoint is outside the prespecified eligibility chain.,
R446,ABSTRACT/PREVIEW,EXCLUDE-OTHER,Outside stockpile or bulk-material measurement and does not provide necessary transferable evidence for the specified three-dimensional measurement chain.,Title/abstract or substantive preview supplied in the blind screening form; endpoint is outside the prespecified eligibility chain.,
R447,ABSTRACT/PREVIEW,EXCLUDE-OTHER,Outside stockpile or bulk-material measurement and does not provide necessary transferable evidence for the specified three-dimensional measurement chain.,Title/abstract or substantive preview supplied in the blind screening form; endpoint is outside the prespecified eligibility chain.,
R448,ABSTRACT/PREVIEW,EXCLUDE-OTHER,Outside stockpile or bulk-material measurement and does not provide necessary transferable evidence for the specified three-dimensional measurement chain.,Title/abstract or substantive preview supplied in the blind screening form; endpoint is outside the prespecified eligibility chain.,
R449,ABSTRACT/PREVIEW,EXCLUDE-OTHER,Outside stockpile or bulk-material measurement and does not provide necessary transferable evidence for the specified three-dimensional measurement chain.,Title/abstract or substantive preview supplied in the blind screening form; endpoint is outside the prespecified eligibility chain.,
R450,ABSTRACT/PREVIEW,TRANSFER-METHOD,"Transferable method directly addresses a prespecified measurement-chain stage such as acquisition, registration, reference-surface modelling, segmentation, uncertainty, or three-dimensional change detection.",Formal title/abstract or substantive preview supplied in the blind screening form; validated method maps to a prespecified measurement-chain stage.,
R451,ABSTRACT/PREVIEW,EXCLUDE-OTHER,Outside stockpile or bulk-material measurement and does not provide necessary transferable evidence for the specified three-dimensional measurement chain.,Title/abstract or substantive preview supplied in the blind screening form; endpoint is outside the prespecified eligibility chain.,
R452,ABSTRACT/PREVIEW,EXCLUDE-OTHER,Outside stockpile or bulk-material measurement and does not provide necessary transferable evidence for the specified three-dimensional measurement chain.,Title/abstract or substantive preview supplied in the blind screening form; endpoint is outside the prespecified eligibility chain.,
R453,ABSTRACT/PREVIEW,SUPPORT-BACKGROUND,"Relevant sensing or robotics context, but it does not provide a necessary validated contribution to the stockpile three-dimensional measurement chain.",Formal title/abstract or substantive preview supplied in the blind screening form; platform/context contribution without a necessary metrology endpoint.,
R454,ABSTRACT/PREVIEW,SUPPORT-BACKGROUND,"Relevant sensing or robotics context, but it does not provide a necessary validated contribution to the stockpile three-dimensional measurement chain.",Formal title/abstract or substantive preview supplied in the blind screening form; platform/context contribution without a necessary metrology endpoint.,
R455,ABSTRACT/PREVIEW,TRANSFER-METHOD,"Transferable method directly addresses a prespecified measurement-chain stage such as acquisition, registration, reference-surface modelling, segmentation, uncertainty, or three-dimensional change detection.",Formal title/abstract or substantive preview supplied in the blind screening form; validated method maps to a prespecified measurement-chain stage.,
R456,ABSTRACT/PREVIEW,EXCLUDE-OTHER,Outside stockpile or bulk-material measurement and does not provide necessary transferable evidence for the specified three-dimensional measurement chain.,Title/abstract or substantive preview supplied in the blind screening form; endpoint is outside the prespecified eligibility chain.,
R457,ABSTRACT/PREVIEW,DIRECT-EMPIRICAL,"Directly evaluates a stockpile or bulk-material geometry, volume, mass, inventory, or a directly targeted measurement-chain component in the intended domain.",Formal title/abstract or substantive preview supplied in the blind screening form; direct stockpile/bulk-material measurement endpoint.,
R458,ABSTRACT/PREVIEW,DIRECT-EMPIRICAL,"Directly evaluates a stockpile or bulk-material geometry, volume, mass, inventory, or a directly targeted measurement-chain component in the intended domain.",Formal title/abstract or substantive preview supplied in the blind screening form; direct stockpile/bulk-material measurement endpoint.,
R459,ABSTRACT/PREVIEW,EXCLUDE-OTHER,Outside stockpile or bulk-material measurement and does not provide necessary transferable evidence for the specified three-dimensional measurement chain.,Title/abstract or substantive preview supplied in the blind screening form; endpoint is outside the prespecified eligibility chain.,
R460,ABSTRACT/PREVIEW,TRANSFER-METHOD,"Transferable method directly addresses a prespecified measurement-chain stage such as acquisition, registration, reference-surface modelling, segmentation, uncertainty, or three-dimensional change detection.",Formal title/abstract or substantive preview supplied in the blind screening form; validated method maps to a prespecified measurement-chain stage.,
R461,ABSTRACT/PREVIEW,TRANSFER-METHOD,"Transferable method directly addresses a prespecified measurement-chain stage such as acquisition, registration, reference-surface modelling, segmentation, uncertainty, or three-dimensional change detection.",Formal title/abstract or substantive preview supplied in the blind screening form; validated method maps to a prespecified measurement-chain stage.,
R462,ABSTRACT/PREVIEW,EXCLUDE-OTHER,Outside stockpile or bulk-material measurement and does not provide necessary transferable evidence for the specified three-dimensional measurement chain.,Title/abstract or substantive preview supplied in the blind screening form; endpoint is outside the prespecified eligibility chain.,
R463,ABSTRACT/PREVIEW,EXCLUDE-OTHER,Outside stockpile or bulk-material measurement and does not provide necessary transferable evidence for the specified three-dimensional measurement chain.,Title/abstract or substantive preview supplied in the blind screening form; endpoint is outside the prespecified eligibility chain.,
R464,ABSTRACT/PREVIEW,EXCLUDE-OTHER,Outside stockpile or bulk-material measurement and does not provide necessary transferable evidence for the specified three-dimensional measurement chain.,Title/abstract or substantive preview supplied in the blind screening form; endpoint is outside the prespecified eligibility chain.,
R465,ABSTRACT/PREVIEW,SUPPORT-BACKGROUND,"Relevant sensing or robotics context, but it does not provide a necessary validated contribution to the stockpile three-dimensional measurement chain.",Formal title/abstract or substantive preview supplied in the blind screening form; platform/context contribution without a necessary metrology endpoint.,
R466,ABSTRACT/PREVIEW,DIRECT-EMPIRICAL,"Directly evaluates a stockpile or bulk-material geometry, volume, mass, inventory, or a directly targeted measurement-chain component in the intended domain.",Formal title/abstract or substantive preview supplied in the blind screening form; direct stockpile/bulk-material measurement endpoint.,
R467,ABSTRACT/PREVIEW,EXCLUDE-OTHER,Outside stockpile or bulk-material measurement and does not provide necessary transferable evidence for the specified three-dimensional measurement chain.,Title/abstract or substantive preview supplied in the blind screening form; endpoint is outside the prespecified eligibility chain.,
R468,ABSTRACT/PREVIEW,EXCLUDE-OTHER,Outside stockpile or bulk-material measurement and does not provide necessary transferable evidence for the specified three-dimensional measurement chain.,Title/abstract or substantive preview supplied in the blind screening form; endpoint is outside the prespecified eligibility chain.,
R469,ABSTRACT/PREVIEW,TRANSFER-METHOD,"Transferable method directly addresses a prespecified measurement-chain stage such as acquisition, registration, reference-surface modelling, segmentation, uncertainty, or three-dimensional change detection.",Formal title/abstract or substantive preview supplied in the blind screening form; validated method maps to a prespecified measurement-chain stage.,
R470,ABSTRACT/PREVIEW,EXCLUDE-OTHER,Outside stockpile or bulk-material measurement and does not provide necessary transferable evidence for the specified three-dimensional measurement chain.,Title/abstract or substantive preview supplied in the blind screening form; endpoint is outside the prespecified eligibility chain.,
R471,ABSTRACT/PREVIEW,DIRECT-EMPIRICAL,"Directly evaluates a stockpile or bulk-material geometry, volume, mass, inventory, or a directly targeted measurement-chain component in the intended domain.",Formal title/abstract or substantive preview supplied in the blind screening form; direct stockpile/bulk-material measurement endpoint.,
R472,ABSTRACT/PREVIEW,TRANSFER-METHOD,"Transferable method directly addresses a prespecified measurement-chain stage such as acquisition, registration, reference-surface modelling, segmentation, uncertainty, or three-dimensional change detection.",Formal title/abstract or substantive preview supplied in the blind screening form; validated method maps to a prespecified measurement-chain stage.,
