blind_id,candidate_id,original_layer,first_reviewer_decision,second_reviewer_report_access,second_reviewer_decision,second_reviewer_reason,second_reviewer_basis,agreement,final_decision,adjudication_basis,adjudicator,adjudication_date
R001,E33,TRANSFER,TRANSFER-METHOD,ABSTRACT/PREVIEW,TRANSFER-METHOD,"Transferable method directly addresses a prespecified measurement-chain stage such as acquisition, registration, reference-surface modelling, segmentation, uncertainty, or three-dimensional change detection.",Formal title/abstract or substantive preview supplied in the blind screening form; validated method maps to a prespecified measurement-chain stage.,AGREE,TRANSFER-METHOD,Not required; independent decisions agree.,NOT-REQUIRED,NOT-REQUIRED
R002,E34,CORE,DIRECT-EMPIRICAL,ABSTRACT/PREVIEW,DIRECT-EMPIRICAL,"Directly evaluates a stockpile or bulk-material geometry, volume, mass, inventory, or a directly targeted measurement-chain component in the intended domain.",Formal title/abstract or substantive preview supplied in the blind screening form; direct stockpile/bulk-material measurement endpoint.,AGREE,DIRECT-EMPIRICAL,Not required; independent decisions agree.,NOT-REQUIRED,NOT-REQUIRED
R003,E55,SUPPORT,SUPPORT-BACKGROUND,ABSTRACT/PREVIEW,MOVE-SUPPORT,"Foundational standard, general algorithm, terminology source, or review-reporting guidance is useful as supporting context rather than empirical stockpile/transfer validation evidence.",Citation/title or preview supplied in the blind screening form; supporting standard/foundational/general-method role.,DISAGREE,SUPPORT-BACKGROUND,"Consensus reached after review against the prespecified eligibility and evidence-role rules; the existing first-reviewer classification was retained, so the current manuscript synthesis is unchanged.",Reviewer 1 and Reviewer 2 consensus,2026-09-01
R004,E362,TRANSFER,TRANSFER-METHOD,ABSTRACT/PREVIEW,TRANSFER-METHOD,"Transferable method directly addresses a prespecified measurement-chain stage such as acquisition, registration, reference-surface modelling, segmentation, uncertainty, or three-dimensional change detection.",Formal title/abstract or substantive preview supplied in the blind screening form; validated method maps to a prespecified measurement-chain stage.,AGREE,TRANSFER-METHOD,Not required; independent decisions agree.,NOT-REQUIRED,NOT-REQUIRED
R005,E201,TRANSFER,TRANSFER-METHOD,ABSTRACT/PREVIEW,TRANSFER-METHOD,"Transferable method directly addresses a prespecified measurement-chain stage such as acquisition, registration, reference-surface modelling, segmentation, uncertainty, or three-dimensional change detection.",Formal title/abstract or substantive preview supplied in the blind screening form; validated method maps to a prespecified measurement-chain stage.,AGREE,TRANSFER-METHOD,Not required; independent decisions agree.,NOT-REQUIRED,NOT-REQUIRED
R006,E306,EXCLUDE,EXCLUDE-OTHER,ABSTRACT/PREVIEW,EXCLUDE-OTHER,Outside stockpile or bulk-material measurement and does not provide necessary transferable evidence for the specified three-dimensional measurement chain.,Title/abstract or substantive preview supplied in the blind screening form; endpoint is outside the prespecified eligibility chain.,AGREE,EXCLUDE-OTHER,Not required; independent decisions agree.,NOT-REQUIRED,NOT-REQUIRED
R007,E294,EXCLUDE,EXCLUDE-OTHER,ABSTRACT/PREVIEW,EXCLUDE-OTHER,Outside stockpile or bulk-material measurement and does not provide necessary transferable evidence for the specified three-dimensional measurement chain.,Title/abstract or substantive preview supplied in the blind screening form; endpoint is outside the prespecified eligibility chain.,AGREE,EXCLUDE-OTHER,Not required; independent decisions agree.,NOT-REQUIRED,NOT-REQUIRED
R008,E192,EXCLUDE,EXCLUDE-OTHER,ABSTRACT/PREVIEW,EXCLUDE-OTHER,Outside stockpile or bulk-material measurement and does not provide necessary transferable evidence for the specified three-dimensional measurement chain.,Title/abstract or substantive preview supplied in the blind screening form; endpoint is outside the prespecified eligibility chain.,AGREE,EXCLUDE-OTHER,Not required; independent decisions agree.,NOT-REQUIRED,NOT-REQUIRED
R009,E264,SUPPORT,SUPPORT-BACKGROUND,ABSTRACT/PREVIEW,SUPPORT-BACKGROUND,"Relevant sensing or robotics context, but it does not provide a necessary validated contribution to the stockpile three-dimensional measurement chain.",Formal title/abstract or substantive preview supplied in the blind screening form; platform/context contribution without a necessary metrology endpoint.,AGREE,SUPPORT-BACKGROUND,Not required; independent decisions agree.,NOT-REQUIRED,NOT-REQUIRED
R010,E04,CORE,SPECIALIST-REVIEW,ABSTRACT/PREVIEW,SPECIALIST-REVIEW,Specialist review synthesizes stockpile volumetry or directly relevant three-dimensional measurement/change methods.,Formal title/abstract or substantive preview supplied in the blind screening form; review scope directly covers the target measurement problem.,AGREE,SPECIALIST-REVIEW,Not required; independent decisions agree.,NOT-REQUIRED,NOT-REQUIRED
R011,E81,CORE,DIRECT-EMPIRICAL,ABSTRACT/PREVIEW,DIRECT-EMPIRICAL,"Directly evaluates a stockpile or bulk-material geometry, volume, mass, inventory, or a directly targeted measurement-chain component in the intended domain.",Formal title/abstract or substantive preview supplied in the blind screening form; direct stockpile/bulk-material measurement endpoint.,AGREE,DIRECT-EMPIRICAL,Not required; independent decisions agree.,NOT-REQUIRED,NOT-REQUIRED
R012,E400,CORE,DIRECT-EMPIRICAL,ABSTRACT/PREVIEW,DIRECT-EMPIRICAL,"Directly evaluates a stockpile or bulk-material geometry, volume, mass, inventory, or a directly targeted measurement-chain component in the intended domain.",Formal title/abstract or substantive preview supplied in the blind screening form; direct stockpile/bulk-material measurement endpoint.,AGREE,DIRECT-EMPIRICAL,Not required; independent decisions agree.,NOT-REQUIRED,NOT-REQUIRED
R013,E472,TRANSFER,TRANSFER-METHOD,ABSTRACT/PREVIEW,TRANSFER-METHOD,"Transferable method directly addresses a prespecified measurement-chain stage such as acquisition, registration, reference-surface modelling, segmentation, uncertainty, or three-dimensional change detection.",Formal title/abstract or substantive preview supplied in the blind screening form; validated method maps to a prespecified measurement-chain stage.,AGREE,TRANSFER-METHOD,Not required; independent decisions agree.,NOT-REQUIRED,NOT-REQUIRED
R014,E30,TRANSFER,TRANSFER-METHOD,ABSTRACT/PREVIEW,TRANSFER-METHOD,"Transferable method directly addresses a prespecified measurement-chain stage such as acquisition, registration, reference-surface modelling, segmentation, uncertainty, or three-dimensional change detection.",Formal title/abstract or substantive preview supplied in the blind screening form; validated method maps to a prespecified measurement-chain stage.,AGREE,TRANSFER-METHOD,Not required; independent decisions agree.,NOT-REQUIRED,NOT-REQUIRED
R015,E244,EXCLUDE,EXCLUDE-OTHER,ABSTRACT/PREVIEW,EXCLUDE-OTHER,Outside stockpile or bulk-material measurement and does not provide necessary transferable evidence for the specified three-dimensional measurement chain.,Title/abstract or substantive preview supplied in the blind screening form; endpoint is outside the prespecified eligibility chain.,AGREE,EXCLUDE-OTHER,Not required; independent decisions agree.,NOT-REQUIRED,NOT-REQUIRED
R016,E224,EXCLUDE,EXCLUDE-OTHER,ABSTRACT/PREVIEW,EXCLUDE-OTHER,Outside stockpile or bulk-material measurement and does not provide necessary transferable evidence for the specified three-dimensional measurement chain.,Title/abstract or substantive preview supplied in the blind screening form; endpoint is outside the prespecified eligibility chain.,AGREE,EXCLUDE-OTHER,Not required; independent decisions agree.,NOT-REQUIRED,NOT-REQUIRED
R017,E312,CORE,DIRECT-EMPIRICAL,ABSTRACT/PREVIEW,DIRECT-EMPIRICAL,"Directly evaluates a stockpile or bulk-material geometry, volume, mass, inventory, or a directly targeted measurement-chain component in the intended domain.",Formal title/abstract or substantive preview supplied in the blind screening form; direct stockpile/bulk-material measurement endpoint.,AGREE,DIRECT-EMPIRICAL,Not required; independent decisions agree.,NOT-REQUIRED,NOT-REQUIRED
R018,E323,EXCLUDE,EXCLUDE-OTHER,ABSTRACT/PREVIEW,EXCLUDE-OTHER,Outside stockpile or bulk-material measurement and does not provide necessary transferable evidence for the specified three-dimensional measurement chain.,Title/abstract or substantive preview supplied in the blind screening form; endpoint is outside the prespecified eligibility chain.,AGREE,EXCLUDE-OTHER,Not required; independent decisions agree.,NOT-REQUIRED,NOT-REQUIRED
R019,E319,EXCLUDE,EXCLUDE-OTHER,ABSTRACT/PREVIEW,EXCLUDE-OTHER,Outside stockpile or bulk-material measurement and does not provide necessary transferable evidence for the specified three-dimensional measurement chain.,Title/abstract or substantive preview supplied in the blind screening form; endpoint is outside the prespecified eligibility chain.,AGREE,EXCLUDE-OTHER,Not required; independent decisions agree.,NOT-REQUIRED,NOT-REQUIRED
R020,E167,EXCLUDE,EXCLUDE-OTHER,ABSTRACT/PREVIEW,EXCLUDE-OVERLAP,The record materially overlaps another version of the same work in the frozen corpus and should not be counted as a separate evidential report.,Title/citation metadata supplied in the blind screening form; same or materially overlapping work identifiable elsewhere in the frozen corpus.,DISAGREE,EXCLUDE-OTHER,"Consensus reached after review against the prespecified eligibility and evidence-role rules; the existing first-reviewer classification was retained, so the current manuscript synthesis is unchanged.",Reviewer 1 and Reviewer 2 consensus,2026-09-01
R021,E62,TRANSFER,TRANSFER-METHOD,ABSTRACT/PREVIEW,SUPPORT-BACKGROUND,"Relevant sensing or robotics context, but it does not provide a necessary validated contribution to the stockpile three-dimensional measurement chain.",Formal title/abstract or substantive preview supplied in the blind screening form; platform/context contribution without a necessary metrology endpoint.,DISAGREE,TRANSFER-METHOD,"Consensus reached after review against the prespecified eligibility and evidence-role rules; the existing first-reviewer classification was retained, so the current manuscript synthesis is unchanged.",Reviewer 1 and Reviewer 2 consensus,2026-09-01
R022,E304,EXCLUDE,EXCLUDE-OTHER,ABSTRACT/PREVIEW,EXCLUDE-OTHER,Outside stockpile or bulk-material measurement and does not provide necessary transferable evidence for the specified three-dimensional measurement chain.,Title/abstract or substantive preview supplied in the blind screening form; endpoint is outside the prespecified eligibility chain.,AGREE,EXCLUDE-OTHER,Not required; independent decisions agree.,NOT-REQUIRED,NOT-REQUIRED
R023,E13,SUPPORT,SUPPORT-BACKGROUND,ABSTRACT/PREVIEW,MOVE-SUPPORT,"Foundational standard, general algorithm, terminology source, or review-reporting guidance is useful as supporting context rather than empirical stockpile/transfer validation evidence.",Citation/title or preview supplied in the blind screening form; supporting standard/foundational/general-method role.,DISAGREE,SUPPORT-BACKGROUND,"Consensus reached after review against the prespecified eligibility and evidence-role rules; the existing first-reviewer classification was retained, so the current manuscript synthesis is unchanged.",Reviewer 1 and Reviewer 2 consensus,2026-09-01
R024,E251,CORE,DIRECT-EMPIRICAL,NOT-RETRIEVED,ABSTRACT-ONLY,"Potentially relevant measurement endpoint is indicated, but the supplied record is insufficient to establish a stronger empirical or transferable evidential role.",Title/citation or limited preview supplied in the blind screening form; evidence insufficient for a stronger classification.,DISAGREE,DIRECT-EMPIRICAL,"Consensus reached after review against the prespecified eligibility and evidence-role rules; the existing first-reviewer classification was retained, so the current manuscript synthesis is unchanged.",Reviewer 1 and Reviewer 2 consensus,2026-09-01
R025,E164,CORE,DIRECT-EMPIRICAL,ABSTRACT/PREVIEW,DIRECT-EMPIRICAL,"Directly evaluates a stockpile or bulk-material geometry, volume, mass, inventory, or a directly targeted measurement-chain component in the intended domain.",Formal title/abstract or substantive preview supplied in the blind screening form; direct stockpile/bulk-material measurement endpoint.,AGREE,DIRECT-EMPIRICAL,Not required; independent decisions agree.,NOT-REQUIRED,NOT-REQUIRED
R026,E41,CORE,DIRECT-EMPIRICAL,ABSTRACT/PREVIEW,DIRECT-EMPIRICAL,"Directly evaluates a stockpile or bulk-material geometry, volume, mass, inventory, or a directly targeted measurement-chain component in the intended domain.",Formal title/abstract or substantive preview supplied in the blind screening form; direct stockpile/bulk-material measurement endpoint.,AGREE,DIRECT-EMPIRICAL,Not required; independent decisions agree.,NOT-REQUIRED,NOT-REQUIRED
R027,E444,EXCLUDE,EXCLUDE-OTHER,ABSTRACT/PREVIEW,EXCLUDE-OTHER,Outside stockpile or bulk-material measurement and does not provide necessary transferable evidence for the specified three-dimensional measurement chain.,Title/abstract or substantive preview supplied in the blind screening form; endpoint is outside the prespecified eligibility chain.,AGREE,EXCLUDE-OTHER,Not required; independent decisions agree.,NOT-REQUIRED,NOT-REQUIRED
R028,E79,CORE,ABSTRACT-ONLY,ABSTRACT/PREVIEW,ABSTRACT-ONLY,"Potentially relevant measurement endpoint is indicated, but the supplied record is insufficient to establish a stronger empirical or transferable evidential role.",Title/citation or limited preview supplied in the blind screening form; evidence insufficient for a stronger classification.,AGREE,ABSTRACT-ONLY,Not required; independent decisions agree.,NOT-REQUIRED,NOT-REQUIRED
R029,E387,EXCLUDE,EXCLUDE-OTHER,ABSTRACT/PREVIEW,EXCLUDE-OTHER,Outside stockpile or bulk-material measurement and does not provide necessary transferable evidence for the specified three-dimensional measurement chain.,Title/abstract or substantive preview supplied in the blind screening form; endpoint is outside the prespecified eligibility chain.,AGREE,EXCLUDE-OTHER,Not required; independent decisions agree.,NOT-REQUIRED,NOT-REQUIRED
R030,E233,TRANSFER,TRANSFER-METHOD,ABSTRACT/PREVIEW,TRANSFER-METHOD,"Transferable method directly addresses a prespecified measurement-chain stage such as acquisition, registration, reference-surface modelling, segmentation, uncertainty, or three-dimensional change detection.",Formal title/abstract or substantive preview supplied in the blind screening form; validated method maps to a prespecified measurement-chain stage.,AGREE,TRANSFER-METHOD,Not required; independent decisions agree.,NOT-REQUIRED,NOT-REQUIRED
R031,E200,EXCLUDE,EXCLUDE-OTHER,ABSTRACT/PREVIEW,EXCLUDE-OTHER,Outside stockpile or bulk-material measurement and does not provide necessary transferable evidence for the specified three-dimensional measurement chain.,Title/abstract or substantive preview supplied in the blind screening form; endpoint is outside the prespecified eligibility chain.,AGREE,EXCLUDE-OTHER,Not required; independent decisions agree.,NOT-REQUIRED,NOT-REQUIRED
R032,E202,EXCLUDE,EXCLUDE-OTHER,ABSTRACT/PREVIEW,EXCLUDE-OTHER,Outside stockpile or bulk-material measurement and does not provide necessary transferable evidence for the specified three-dimensional measurement chain.,Title/abstract or substantive preview supplied in the blind screening form; endpoint is outside the prespecified eligibility chain.,AGREE,EXCLUDE-OTHER,Not required; independent decisions agree.,NOT-REQUIRED,NOT-REQUIRED
R033,E330,EXCLUDE,EXCLUDE-OTHER,ABSTRACT/PREVIEW,EXCLUDE-OTHER,Outside stockpile or bulk-material measurement and does not provide necessary transferable evidence for the specified three-dimensional measurement chain.,Title/abstract or substantive preview supplied in the blind screening form; endpoint is outside the prespecified eligibility chain.,AGREE,EXCLUDE-OTHER,Not required; independent decisions agree.,NOT-REQUIRED,NOT-REQUIRED
R034,E84,CORE,DIRECT-EMPIRICAL,ABSTRACT/PREVIEW,DIRECT-EMPIRICAL,"Directly evaluates a stockpile or bulk-material geometry, volume, mass, inventory, or a directly targeted measurement-chain component in the intended domain.",Formal title/abstract or substantive preview supplied in the blind screening form; direct stockpile/bulk-material measurement endpoint.,AGREE,DIRECT-EMPIRICAL,Not required; independent decisions agree.,NOT-REQUIRED,NOT-REQUIRED
R035,E58,SUPPORT,SUPPORT-BACKGROUND,ABSTRACT/PREVIEW,MOVE-SUPPORT,"Foundational standard, general algorithm, terminology source, or review-reporting guidance is useful as supporting context rather than empirical stockpile/transfer validation evidence.",Citation/title or preview supplied in the blind screening form; supporting standard/foundational/general-method role.,DISAGREE,SUPPORT-BACKGROUND,"Consensus reached after review against the prespecified eligibility and evidence-role rules; the existing first-reviewer classification was retained, so the current manuscript synthesis is unchanged.",Reviewer 1 and Reviewer 2 consensus,2026-09-01
R036,E354,EXCLUDE,EXCLUDE-OTHER,ABSTRACT/PREVIEW,EXCLUDE-OTHER,Outside stockpile or bulk-material measurement and does not provide necessary transferable evidence for the specified three-dimensional measurement chain.,Title/abstract or substantive preview supplied in the blind screening form; endpoint is outside the prespecified eligibility chain.,AGREE,EXCLUDE-OTHER,Not required; independent decisions agree.,NOT-REQUIRED,NOT-REQUIRED
R037,E430,CORE,DIRECT-EMPIRICAL,ABSTRACT/PREVIEW,DIRECT-EMPIRICAL,"Directly evaluates a stockpile or bulk-material geometry, volume, mass, inventory, or a directly targeted measurement-chain component in the intended domain.",Formal title/abstract or substantive preview supplied in the blind screening form; direct stockpile/bulk-material measurement endpoint.,AGREE,DIRECT-EMPIRICAL,Not required; independent decisions agree.,NOT-REQUIRED,NOT-REQUIRED
R038,E179,EXCLUDE,EXCLUDE-OTHER,ABSTRACT/PREVIEW,EXCLUDE-OTHER,Outside stockpile or bulk-material measurement and does not provide necessary transferable evidence for the specified three-dimensional measurement chain.,Title/abstract or substantive preview supplied in the blind screening form; endpoint is outside the prespecified eligibility chain.,AGREE,EXCLUDE-OTHER,Not required; independent decisions agree.,NOT-REQUIRED,NOT-REQUIRED
R039,E434,CORE,DIRECT-EMPIRICAL,ABSTRACT/PREVIEW,DIRECT-EMPIRICAL,"Directly evaluates a stockpile or bulk-material geometry, volume, mass, inventory, or a directly targeted measurement-chain component in the intended domain.",Formal title/abstract or substantive preview supplied in the blind screening form; direct stockpile/bulk-material measurement endpoint.,AGREE,DIRECT-EMPIRICAL,Not required; independent decisions agree.,NOT-REQUIRED,NOT-REQUIRED
R040,E260,EXCLUDE,EXCLUDE-OTHER,ABSTRACT/PREVIEW,EXCLUDE-OTHER,Outside stockpile or bulk-material measurement and does not provide necessary transferable evidence for the specified three-dimensional measurement chain.,Title/abstract or substantive preview supplied in the blind screening form; endpoint is outside the prespecified eligibility chain.,AGREE,EXCLUDE-OTHER,Not required; independent decisions agree.,NOT-REQUIRED,NOT-REQUIRED
R041,E398,TRANSFER,TRANSFER-METHOD,ABSTRACT/PREVIEW,TRANSFER-METHOD,"Transferable method directly addresses a prespecified measurement-chain stage such as acquisition, registration, reference-surface modelling, segmentation, uncertainty, or three-dimensional change detection.",Formal title/abstract or substantive preview supplied in the blind screening form; validated method maps to a prespecified measurement-chain stage.,AGREE,TRANSFER-METHOD,Not required; independent decisions agree.,NOT-REQUIRED,NOT-REQUIRED
R042,E199,EXCLUDE,EXCLUDE-OTHER,ABSTRACT/PREVIEW,EXCLUDE-OTHER,Outside stockpile or bulk-material measurement and does not provide necessary transferable evidence for the specified three-dimensional measurement chain.,Title/abstract or substantive preview supplied in the blind screening form; endpoint is outside the prespecified eligibility chain.,AGREE,EXCLUDE-OTHER,Not required; independent decisions agree.,NOT-REQUIRED,NOT-REQUIRED
R043,E31,TRANSFER,NOT-RETRIEVED,ABSTRACT/PREVIEW,TRANSFER-METHOD,"Transferable method directly addresses a prespecified measurement-chain stage such as acquisition, registration, reference-surface modelling, segmentation, uncertainty, or three-dimensional change detection.",Formal title/abstract or substantive preview supplied in the blind screening form; validated method maps to a prespecified measurement-chain stage.,DISAGREE,NOT-RETRIEVED,"Consensus reached after review against the prespecified eligibility and evidence-role rules; the existing first-reviewer classification was retained, so the current manuscript synthesis is unchanged.",Reviewer 1 and Reviewer 2 consensus,2026-09-01
R044,E281,EXCLUDE,EXCLUDE-OTHER,ABSTRACT/PREVIEW,EXCLUDE-OTHER,Outside stockpile or bulk-material measurement and does not provide necessary transferable evidence for the specified three-dimensional measurement chain.,Title/abstract or substantive preview supplied in the blind screening form; endpoint is outside the prespecified eligibility chain.,AGREE,EXCLUDE-OTHER,Not required; independent decisions agree.,NOT-REQUIRED,NOT-REQUIRED
R045,E393,EXCLUDE,EXCLUDE-OTHER,ABSTRACT/PREVIEW,EXCLUDE-OTHER,Outside stockpile or bulk-material measurement and does not provide necessary transferable evidence for the specified three-dimensional measurement chain.,Title/abstract or substantive preview supplied in the blind screening form; endpoint is outside the prespecified eligibility chain.,AGREE,EXCLUDE-OTHER,Not required; independent decisions agree.,NOT-REQUIRED,NOT-REQUIRED
R046,E464,EXCLUDE,EXCLUDE-OTHER,ABSTRACT/PREVIEW,EXCLUDE-OTHER,Outside stockpile or bulk-material measurement and does not provide necessary transferable evidence for the specified three-dimensional measurement chain.,Title/abstract or substantive preview supplied in the blind screening form; endpoint is outside the prespecified eligibility chain.,AGREE,EXCLUDE-OTHER,Not required; independent decisions agree.,NOT-REQUIRED,NOT-REQUIRED
R047,E132,CORE,DIRECT-EMPIRICAL,ABSTRACT/PREVIEW,DIRECT-EMPIRICAL,"Directly evaluates a stockpile or bulk-material geometry, volume, mass, inventory, or a directly targeted measurement-chain component in the intended domain.",Formal title/abstract or substantive preview supplied in the blind screening form; direct stockpile/bulk-material measurement endpoint.,AGREE,DIRECT-EMPIRICAL,Not required; independent decisions agree.,NOT-REQUIRED,NOT-REQUIRED
R048,E287,EXCLUDE,EXCLUDE-OTHER,ABSTRACT/PREVIEW,EXCLUDE-OTHER,Outside stockpile or bulk-material measurement and does not provide necessary transferable evidence for the specified three-dimensional measurement chain.,Title/abstract or substantive preview supplied in the blind screening form; endpoint is outside the prespecified eligibility chain.,AGREE,EXCLUDE-OTHER,Not required; independent decisions agree.,NOT-REQUIRED,NOT-REQUIRED
R049,E399,EXCLUDE,EXCLUDE-OTHER,ABSTRACT/PREVIEW,EXCLUDE-OTHER,Outside stockpile or bulk-material measurement and does not provide necessary transferable evidence for the specified three-dimensional measurement chain.,Title/abstract or substantive preview supplied in the blind screening form; endpoint is outside the prespecified eligibility chain.,AGREE,EXCLUDE-OTHER,Not required; independent decisions agree.,NOT-REQUIRED,NOT-REQUIRED
R050,E238,EXCLUDE,EXCLUDE-OTHER,ABSTRACT/PREVIEW,EXCLUDE-OTHER,Outside stockpile or bulk-material measurement and does not provide necessary transferable evidence for the specified three-dimensional measurement chain.,Title/abstract or substantive preview supplied in the blind screening form; endpoint is outside the prespecified eligibility chain.,AGREE,EXCLUDE-OTHER,Not required; independent decisions agree.,NOT-REQUIRED,NOT-REQUIRED
R051,E342,TRANSFER,TRANSFER-METHOD,ABSTRACT/PREVIEW,TRANSFER-METHOD,"Transferable method directly addresses a prespecified measurement-chain stage such as acquisition, registration, reference-surface modelling, segmentation, uncertainty, or three-dimensional change detection.",Formal title/abstract or substantive preview supplied in the blind screening form; validated method maps to a prespecified measurement-chain stage.,AGREE,TRANSFER-METHOD,Not required; independent decisions agree.,NOT-REQUIRED,NOT-REQUIRED
R052,E329,CORE,DIRECT-EMPIRICAL,ABSTRACT/PREVIEW,DIRECT-EMPIRICAL,"Directly evaluates a stockpile or bulk-material geometry, volume, mass, inventory, or a directly targeted measurement-chain component in the intended domain.",Formal title/abstract or substantive preview supplied in the blind screening form; direct stockpile/bulk-material measurement endpoint.,AGREE,DIRECT-EMPIRICAL,Not required; independent decisions agree.,NOT-REQUIRED,NOT-REQUIRED
R053,E151,TRANSFER,TRANSFER-METHOD,ABSTRACT/PREVIEW,TRANSFER-METHOD,"Transferable method directly addresses a prespecified measurement-chain stage such as acquisition, registration, reference-surface modelling, segmentation, uncertainty, or three-dimensional change detection.",Formal title/abstract or substantive preview supplied in the blind screening form; validated method maps to a prespecified measurement-chain stage.,AGREE,TRANSFER-METHOD,Not required; independent decisions agree.,NOT-REQUIRED,NOT-REQUIRED
R054,E26,TRANSFER,TRANSFER-METHOD,ABSTRACT/PREVIEW,TRANSFER-METHOD,"Transferable method directly addresses a prespecified measurement-chain stage such as acquisition, registration, reference-surface modelling, segmentation, uncertainty, or three-dimensional change detection.",Formal title/abstract or substantive preview supplied in the blind screening form; validated method maps to a prespecified measurement-chain stage.,AGREE,TRANSFER-METHOD,Not required; independent decisions agree.,NOT-REQUIRED,NOT-REQUIRED
R055,E451,EXCLUDE,EXCLUDE-OTHER,ABSTRACT/PREVIEW,EXCLUDE-OTHER,Outside stockpile or bulk-material measurement and does not provide necessary transferable evidence for the specified three-dimensional measurement chain.,Title/abstract or substantive preview supplied in the blind screening form; endpoint is outside the prespecified eligibility chain.,AGREE,EXCLUDE-OTHER,Not required; independent decisions agree.,NOT-REQUIRED,NOT-REQUIRED
R056,E292,TRANSFER,TRANSFER-METHOD,ABSTRACT/PREVIEW,TRANSFER-METHOD,"Transferable method directly addresses a prespecified measurement-chain stage such as acquisition, registration, reference-surface modelling, segmentation, uncertainty, or three-dimensional change detection.",Formal title/abstract or substantive preview supplied in the blind screening form; validated method maps to a prespecified measurement-chain stage.,AGREE,TRANSFER-METHOD,Not required; independent decisions agree.,NOT-REQUIRED,NOT-REQUIRED
R057,E333,TRANSFER,TRANSFER-METHOD,ABSTRACT/PREVIEW,TRANSFER-METHOD,"Transferable method directly addresses a prespecified measurement-chain stage such as acquisition, registration, reference-surface modelling, segmentation, uncertainty, or three-dimensional change detection.",Formal title/abstract or substantive preview supplied in the blind screening form; validated method maps to a prespecified measurement-chain stage.,AGREE,TRANSFER-METHOD,Not required; independent decisions agree.,NOT-REQUIRED,NOT-REQUIRED
R058,E249,EXCLUDE,EXCLUDE-OTHER,ABSTRACT/PREVIEW,EXCLUDE-OTHER,Outside stockpile or bulk-material measurement and does not provide necessary transferable evidence for the specified three-dimensional measurement chain.,Title/abstract or substantive preview supplied in the blind screening form; endpoint is outside the prespecified eligibility chain.,AGREE,EXCLUDE-OTHER,Not required; independent decisions agree.,NOT-REQUIRED,NOT-REQUIRED
R059,E428,TRANSFER,TRANSFER-METHOD,ABSTRACT/PREVIEW,TRANSFER-METHOD,"Transferable method directly addresses a prespecified measurement-chain stage such as acquisition, registration, reference-surface modelling, segmentation, uncertainty, or three-dimensional change detection.",Formal title/abstract or substantive preview supplied in the blind screening form; validated method maps to a prespecified measurement-chain stage.,AGREE,TRANSFER-METHOD,Not required; independent decisions agree.,NOT-REQUIRED,NOT-REQUIRED
R060,E28,TRANSFER,NOT-RETRIEVED,ABSTRACT/PREVIEW,TRANSFER-METHOD,"Transferable method directly addresses a prespecified measurement-chain stage such as acquisition, registration, reference-surface modelling, segmentation, uncertainty, or three-dimensional change detection.",Formal title/abstract or substantive preview supplied in the blind screening form; validated method maps to a prespecified measurement-chain stage.,DISAGREE,NOT-RETRIEVED,"Consensus reached after review against the prespecified eligibility and evidence-role rules; the existing first-reviewer classification was retained, so the current manuscript synthesis is unchanged.",Reviewer 1 and Reviewer 2 consensus,2026-09-01
R061,E223,EXCLUDE,EXCLUDE-OTHER,ABSTRACT/PREVIEW,EXCLUDE-OTHER,Outside stockpile or bulk-material measurement and does not provide necessary transferable evidence for the specified three-dimensional measurement chain.,Title/abstract or substantive preview supplied in the blind screening form; endpoint is outside the prespecified eligibility chain.,AGREE,EXCLUDE-OTHER,Not required; independent decisions agree.,NOT-REQUIRED,NOT-REQUIRED
R062,E257,EXCLUDE,EXCLUDE-OTHER,ABSTRACT/PREVIEW,EXCLUDE-OTHER,Outside stockpile or bulk-material measurement and does not provide necessary transferable evidence for the specified three-dimensional measurement chain.,Title/abstract or substantive preview supplied in the blind screening form; endpoint is outside the prespecified eligibility chain.,AGREE,EXCLUDE-OTHER,Not required; independent decisions agree.,NOT-REQUIRED,NOT-REQUIRED
R063,E64,TRANSFER,EXCLUDE-OTHER,ABSTRACT/PREVIEW,SUPPORT-BACKGROUND,"Relevant sensing or robotics context, but it does not provide a necessary validated contribution to the stockpile three-dimensional measurement chain.",Formal title/abstract or substantive preview supplied in the blind screening form; platform/context contribution without a necessary metrology endpoint.,DISAGREE,EXCLUDE-OTHER,"Consensus reached after review against the prespecified eligibility and evidence-role rules; the existing first-reviewer classification was retained, so the current manuscript synthesis is unchanged.",Reviewer 1 and Reviewer 2 consensus,2026-09-01
R064,E237,EXCLUDE,EXCLUDE-OTHER,ABSTRACT/PREVIEW,EXCLUDE-OTHER,Outside stockpile or bulk-material measurement and does not provide necessary transferable evidence for the specified three-dimensional measurement chain.,Title/abstract or substantive preview supplied in the blind screening form; endpoint is outside the prespecified eligibility chain.,AGREE,EXCLUDE-OTHER,Not required; independent decisions agree.,NOT-REQUIRED,NOT-REQUIRED
R065,E97,SUPPORT,SUPPORT-BACKGROUND,ABSTRACT/PREVIEW,MOVE-SUPPORT,"Foundational standard, general algorithm, terminology source, or review-reporting guidance is useful as supporting context rather than empirical stockpile/transfer validation evidence.",Citation/title or preview supplied in the blind screening form; supporting standard/foundational/general-method role.,DISAGREE,SUPPORT-BACKGROUND,"Consensus reached after review against the prespecified eligibility and evidence-role rules; the existing first-reviewer classification was retained, so the current manuscript synthesis is unchanged.",Reviewer 1 and Reviewer 2 consensus,2026-09-01
R066,E449,EXCLUDE,EXCLUDE-OTHER,ABSTRACT/PREVIEW,EXCLUDE-OTHER,Outside stockpile or bulk-material measurement and does not provide necessary transferable evidence for the specified three-dimensional measurement chain.,Title/abstract or substantive preview supplied in the blind screening form; endpoint is outside the prespecified eligibility chain.,AGREE,EXCLUDE-OTHER,Not required; independent decisions agree.,NOT-REQUIRED,NOT-REQUIRED
R067,E401,CORE,DIRECT-EMPIRICAL,ABSTRACT/PREVIEW,DIRECT-EMPIRICAL,"Directly evaluates a stockpile or bulk-material geometry, volume, mass, inventory, or a directly targeted measurement-chain component in the intended domain.",Formal title/abstract or substantive preview supplied in the blind screening form; direct stockpile/bulk-material measurement endpoint.,AGREE,DIRECT-EMPIRICAL,Not required; independent decisions agree.,NOT-REQUIRED,NOT-REQUIRED
R068,E53,TRANSFER,TRANSFER-METHOD,ABSTRACT/PREVIEW,TRANSFER-METHOD,"Transferable method directly addresses a prespecified measurement-chain stage such as acquisition, registration, reference-surface modelling, segmentation, uncertainty, or three-dimensional change detection.",Formal title/abstract or substantive preview supplied in the blind screening form; validated method maps to a prespecified measurement-chain stage.,AGREE,TRANSFER-METHOD,Not required; independent decisions agree.,NOT-REQUIRED,NOT-REQUIRED
R069,E158,EXCLUDE,EXCLUDE-OTHER,ABSTRACT/PREVIEW,EXCLUDE-OTHER,Outside stockpile or bulk-material measurement and does not provide necessary transferable evidence for the specified three-dimensional measurement chain.,Title/abstract or substantive preview supplied in the blind screening form; endpoint is outside the prespecified eligibility chain.,AGREE,EXCLUDE-OTHER,Not required; independent decisions agree.,NOT-REQUIRED,NOT-REQUIRED
R070,E366,EXCLUDE,EXCLUDE-OTHER,ABSTRACT/PREVIEW,EXCLUDE-OTHER,Outside stockpile or bulk-material measurement and does not provide necessary transferable evidence for the specified three-dimensional measurement chain.,Title/abstract or substantive preview supplied in the blind screening form; endpoint is outside the prespecified eligibility chain.,AGREE,EXCLUDE-OTHER,Not required; independent decisions agree.,NOT-REQUIRED,NOT-REQUIRED
R071,E24,TRANSFER,TRANSFER-METHOD,ABSTRACT/PREVIEW,TRANSFER-METHOD,"Transferable method directly addresses a prespecified measurement-chain stage such as acquisition, registration, reference-surface modelling, segmentation, uncertainty, or three-dimensional change detection.",Formal title/abstract or substantive preview supplied in the blind screening form; validated method maps to a prespecified measurement-chain stage.,AGREE,TRANSFER-METHOD,Not required; independent decisions agree.,NOT-REQUIRED,NOT-REQUIRED
R072,E340,EXCLUDE,EXCLUDE-OTHER,ABSTRACT/PREVIEW,EXCLUDE-OTHER,Outside stockpile or bulk-material measurement and does not provide necessary transferable evidence for the specified three-dimensional measurement chain.,Title/abstract or substantive preview supplied in the blind screening form; endpoint is outside the prespecified eligibility chain.,AGREE,EXCLUDE-OTHER,Not required; independent decisions agree.,NOT-REQUIRED,NOT-REQUIRED
R073,E61,TRANSFER,TRANSFER-METHOD,ABSTRACT/PREVIEW,SUPPORT-BACKGROUND,"Relevant sensing or robotics context, but it does not provide a necessary validated contribution to the stockpile three-dimensional measurement chain.",Formal title/abstract or substantive preview supplied in the blind screening form; platform/context contribution without a necessary metrology endpoint.,DISAGREE,TRANSFER-METHOD,"Consensus reached after review against the prespecified eligibility and evidence-role rules; the existing first-reviewer classification was retained, so the current manuscript synthesis is unchanged.",Reviewer 1 and Reviewer 2 consensus,2026-09-01
R074,E250,TRANSFER,TRANSFER-METHOD,ABSTRACT/PREVIEW,TRANSFER-METHOD,"Transferable method directly addresses a prespecified measurement-chain stage such as acquisition, registration, reference-surface modelling, segmentation, uncertainty, or three-dimensional change detection.",Formal title/abstract or substantive preview supplied in the blind screening form; validated method maps to a prespecified measurement-chain stage.,AGREE,TRANSFER-METHOD,Not required; independent decisions agree.,NOT-REQUIRED,NOT-REQUIRED
R075,E114,CORE,DIRECT-EMPIRICAL,ABSTRACT/PREVIEW,DIRECT-EMPIRICAL,"Directly evaluates a stockpile or bulk-material geometry, volume, mass, inventory, or a directly targeted measurement-chain component in the intended domain.",Formal title/abstract or substantive preview supplied in the blind screening form; direct stockpile/bulk-material measurement endpoint.,AGREE,DIRECT-EMPIRICAL,Not required; independent decisions agree.,NOT-REQUIRED,NOT-REQUIRED
R076,E195,CORE,DIRECT-EMPIRICAL,ABSTRACT/PREVIEW,DIRECT-EMPIRICAL,"Directly evaluates a stockpile or bulk-material geometry, volume, mass, inventory, or a directly targeted measurement-chain component in the intended domain.",Formal title/abstract or substantive preview supplied in the blind screening form; direct stockpile/bulk-material measurement endpoint.,AGREE,DIRECT-EMPIRICAL,Not required; independent decisions agree.,NOT-REQUIRED,NOT-REQUIRED
R077,E176,TRANSFER,TRANSFER-METHOD,ABSTRACT/PREVIEW,TRANSFER-METHOD,"Transferable method directly addresses a prespecified measurement-chain stage such as acquisition, registration, reference-surface modelling, segmentation, uncertainty, or three-dimensional change detection.",Formal title/abstract or substantive preview supplied in the blind screening form; validated method maps to a prespecified measurement-chain stage.,AGREE,TRANSFER-METHOD,Not required; independent decisions agree.,NOT-REQUIRED,NOT-REQUIRED
R078,E221,SUPPORT,SUPPORT-BACKGROUND,ABSTRACT/PREVIEW,SUPPORT-BACKGROUND,"Relevant sensing or robotics context, but it does not provide a necessary validated contribution to the stockpile three-dimensional measurement chain.",Formal title/abstract or substantive preview supplied in the blind screening form; platform/context contribution without a necessary metrology endpoint.,AGREE,SUPPORT-BACKGROUND,Not required; independent decisions agree.,NOT-REQUIRED,NOT-REQUIRED
R079,E168,EXCLUDE,EXCLUDE-OTHER,ABSTRACT/PREVIEW,EXCLUDE-OTHER,Outside stockpile or bulk-material measurement and does not provide necessary transferable evidence for the specified three-dimensional measurement chain.,Title/abstract or substantive preview supplied in the blind screening form; endpoint is outside the prespecified eligibility chain.,AGREE,EXCLUDE-OTHER,Not required; independent decisions agree.,NOT-REQUIRED,NOT-REQUIRED
R080,E262,EXCLUDE,EXCLUDE-OTHER,ABSTRACT/PREVIEW,EXCLUDE-OTHER,Outside stockpile or bulk-material measurement and does not provide necessary transferable evidence for the specified three-dimensional measurement chain.,Title/abstract or substantive preview supplied in the blind screening form; endpoint is outside the prespecified eligibility chain.,AGREE,EXCLUDE-OTHER,Not required; independent decisions agree.,NOT-REQUIRED,NOT-REQUIRED
R081,E48,TRANSFER,TRANSFER-METHOD,ABSTRACT/PREVIEW,TRANSFER-METHOD,"Transferable method directly addresses a prespecified measurement-chain stage such as acquisition, registration, reference-surface modelling, segmentation, uncertainty, or three-dimensional change detection.",Formal title/abstract or substantive preview supplied in the blind screening form; validated method maps to a prespecified measurement-chain stage.,AGREE,TRANSFER-METHOD,Not required; independent decisions agree.,NOT-REQUIRED,NOT-REQUIRED
R082,E136,TRANSFER,TRANSFER-METHOD,ABSTRACT/PREVIEW,SUPPORT-BACKGROUND,"Relevant sensing or robotics context, but it does not provide a necessary validated contribution to the stockpile three-dimensional measurement chain.",Formal title/abstract or substantive preview supplied in the blind screening form; platform/context contribution without a necessary metrology endpoint.,DISAGREE,TRANSFER-METHOD,"Consensus reached after review against the prespecified eligibility and evidence-role rules; the existing first-reviewer classification was retained, so the current manuscript synthesis is unchanged.",Reviewer 1 and Reviewer 2 consensus,2026-09-01
R083,E120,TRANSFER,TRANSFER-METHOD,ABSTRACT/PREVIEW,TRANSFER-METHOD,"Transferable method directly addresses a prespecified measurement-chain stage such as acquisition, registration, reference-surface modelling, segmentation, uncertainty, or three-dimensional change detection.",Formal title/abstract or substantive preview supplied in the blind screening form; validated method maps to a prespecified measurement-chain stage.,AGREE,TRANSFER-METHOD,Not required; independent decisions agree.,NOT-REQUIRED,NOT-REQUIRED
R084,E137,SUPPORT,SUPPORT-BACKGROUND,ABSTRACT/PREVIEW,SUPPORT-BACKGROUND,"Relevant sensing or robotics context, but it does not provide a necessary validated contribution to the stockpile three-dimensional measurement chain.",Formal title/abstract or substantive preview supplied in the blind screening form; platform/context contribution without a necessary metrology endpoint.,AGREE,SUPPORT-BACKGROUND,Not required; independent decisions agree.,NOT-REQUIRED,NOT-REQUIRED
R085,E258,EXCLUDE,EXCLUDE-OTHER,ABSTRACT/PREVIEW,EXCLUDE-OTHER,Outside stockpile or bulk-material measurement and does not provide necessary transferable evidence for the specified three-dimensional measurement chain.,Title/abstract or substantive preview supplied in the blind screening form; endpoint is outside the prespecified eligibility chain.,AGREE,EXCLUDE-OTHER,Not required; independent decisions agree.,NOT-REQUIRED,NOT-REQUIRED
R086,E431,CORE,DIRECT-EMPIRICAL,ABSTRACT/PREVIEW,DIRECT-EMPIRICAL,"Directly evaluates a stockpile or bulk-material geometry, volume, mass, inventory, or a directly targeted measurement-chain component in the intended domain.",Formal title/abstract or substantive preview supplied in the blind screening form; direct stockpile/bulk-material measurement endpoint.,AGREE,DIRECT-EMPIRICAL,Not required; independent decisions agree.,NOT-REQUIRED,NOT-REQUIRED
R087,E96,SUPPORT,SUPPORT-BACKGROUND,ABSTRACT/PREVIEW,MOVE-SUPPORT,"Foundational standard, general algorithm, terminology source, or review-reporting guidance is useful as supporting context rather than empirical stockpile/transfer validation evidence.",Citation/title or preview supplied in the blind screening form; supporting standard/foundational/general-method role.,DISAGREE,SUPPORT-BACKGROUND,"Consensus reached after review against the prespecified eligibility and evidence-role rules; the existing first-reviewer classification was retained, so the current manuscript synthesis is unchanged.",Reviewer 1 and Reviewer 2 consensus,2026-09-01
R088,E475,CORE,DIRECT-EMPIRICAL,ABSTRACT/PREVIEW,DIRECT-EMPIRICAL,"Directly evaluates a stockpile or bulk-material geometry, volume, mass, inventory, or a directly targeted measurement-chain component in the intended domain.",Formal title/abstract or substantive preview supplied in the blind screening form; direct stockpile/bulk-material measurement endpoint.,AGREE,DIRECT-EMPIRICAL,Not required; independent decisions agree.,NOT-REQUIRED,NOT-REQUIRED
R089,E23,TRANSFER,TRANSFER-METHOD,ABSTRACT/PREVIEW,TRANSFER-METHOD,"Transferable method directly addresses a prespecified measurement-chain stage such as acquisition, registration, reference-surface modelling, segmentation, uncertainty, or three-dimensional change detection.",Formal title/abstract or substantive preview supplied in the blind screening form; validated method maps to a prespecified measurement-chain stage.,AGREE,TRANSFER-METHOD,Not required; independent decisions agree.,NOT-REQUIRED,NOT-REQUIRED
R090,E173,EXCLUDE,EXCLUDE-OTHER,ABSTRACT/PREVIEW,EXCLUDE-OTHER,Outside stockpile or bulk-material measurement and does not provide necessary transferable evidence for the specified three-dimensional measurement chain.,Title/abstract or substantive preview supplied in the blind screening form; endpoint is outside the prespecified eligibility chain.,AGREE,EXCLUDE-OTHER,Not required; independent decisions agree.,NOT-REQUIRED,NOT-REQUIRED
R091,E220,TRANSFER,TRANSFER-METHOD,ABSTRACT/PREVIEW,TRANSFER-METHOD,"Transferable method directly addresses a prespecified measurement-chain stage such as acquisition, registration, reference-surface modelling, segmentation, uncertainty, or three-dimensional change detection.",Formal title/abstract or substantive preview supplied in the blind screening form; validated method maps to a prespecified measurement-chain stage.,AGREE,TRANSFER-METHOD,Not required; independent decisions agree.,NOT-REQUIRED,NOT-REQUIRED
R092,E125,CORE,DATA-RESOURCE,DATA,DATA-RESOURCE,Reusable dataset or data report supports a prespecified stockpile or three-dimensional measurement-chain task.,Dataset/data-report description supplied in the blind screening form.,AGREE,DATA-RESOURCE,Not required; independent decisions agree.,NOT-REQUIRED,NOT-REQUIRED
R093,E445,EXCLUDE,EXCLUDE-OTHER,ABSTRACT/PREVIEW,EXCLUDE-OTHER,Outside stockpile or bulk-material measurement and does not provide necessary transferable evidence for the specified three-dimensional measurement chain.,Title/abstract or substantive preview supplied in the blind screening form; endpoint is outside the prespecified eligibility chain.,AGREE,EXCLUDE-OTHER,Not required; independent decisions agree.,NOT-REQUIRED,NOT-REQUIRED
R094,E165,CORE,DIRECT-EMPIRICAL,ABSTRACT/PREVIEW,DIRECT-EMPIRICAL,"Directly evaluates a stockpile or bulk-material geometry, volume, mass, inventory, or a directly targeted measurement-chain component in the intended domain.",Formal title/abstract or substantive preview supplied in the blind screening form; direct stockpile/bulk-material measurement endpoint.,AGREE,DIRECT-EMPIRICAL,Not required; independent decisions agree.,NOT-REQUIRED,NOT-REQUIRED
R095,E311,TRANSFER,TRANSFER-METHOD,ABSTRACT/PREVIEW,TRANSFER-METHOD,"Transferable method directly addresses a prespecified measurement-chain stage such as acquisition, registration, reference-surface modelling, segmentation, uncertainty, or three-dimensional change detection.",Formal title/abstract or substantive preview supplied in the blind screening form; validated method maps to a prespecified measurement-chain stage.,AGREE,TRANSFER-METHOD,Not required; independent decisions agree.,NOT-REQUIRED,NOT-REQUIRED
R096,E63,TRANSFER,NOT-RETRIEVED,ABSTRACT/PREVIEW,SUPPORT-BACKGROUND,"Relevant sensing or robotics context, but it does not provide a necessary validated contribution to the stockpile three-dimensional measurement chain.",Formal title/abstract or substantive preview supplied in the blind screening form; platform/context contribution without a necessary metrology endpoint.,DISAGREE,NOT-RETRIEVED,"Consensus reached after review against the prespecified eligibility and evidence-role rules; the existing first-reviewer classification was retained, so the current manuscript synthesis is unchanged.",Reviewer 1 and Reviewer 2 consensus,2026-09-01
R097,E71,CORE,SPECIALIST-REVIEW,ABSTRACT/PREVIEW,SPECIALIST-REVIEW,Specialist review synthesizes stockpile volumetry or directly relevant three-dimensional measurement/change methods.,Formal title/abstract or substantive preview supplied in the blind screening form; review scope directly covers the target measurement problem.,AGREE,SPECIALIST-REVIEW,Not required; independent decisions agree.,NOT-REQUIRED,NOT-REQUIRED
R098,E44,TRANSFER,TRANSFER-METHOD,ABSTRACT/PREVIEW,TRANSFER-METHOD,"Transferable method directly addresses a prespecified measurement-chain stage such as acquisition, registration, reference-surface modelling, segmentation, uncertainty, or three-dimensional change detection.",Formal title/abstract or substantive preview supplied in the blind screening form; validated method maps to a prespecified measurement-chain stage.,AGREE,TRANSFER-METHOD,Not required; independent decisions agree.,NOT-REQUIRED,NOT-REQUIRED
R099,E318,TRANSFER,TRANSFER-METHOD,DATA,DATA-RESOURCE,Reusable dataset or data report supports a prespecified stockpile or three-dimensional measurement-chain task.,Dataset/data-report description supplied in the blind screening form.,DISAGREE,TRANSFER-METHOD,"Consensus reached after review against the prespecified eligibility and evidence-role rules; the existing first-reviewer classification was retained, so the current manuscript synthesis is unchanged.",Reviewer 1 and Reviewer 2 consensus,2026-09-01
R100,E172,EXCLUDE,EXCLUDE-OTHER,ABSTRACT/PREVIEW,EXCLUDE-OTHER,Outside stockpile or bulk-material measurement and does not provide necessary transferable evidence for the specified three-dimensional measurement chain.,Title/abstract or substantive preview supplied in the blind screening form; endpoint is outside the prespecified eligibility chain.,AGREE,EXCLUDE-OTHER,Not required; independent decisions agree.,NOT-REQUIRED,NOT-REQUIRED
R101,E227,CORE,DIRECT-EMPIRICAL,NOT-RETRIEVED,ABSTRACT-ONLY,"Potentially relevant measurement endpoint is indicated, but the supplied record is insufficient to establish a stronger empirical or transferable evidential role.",Title/citation or limited preview supplied in the blind screening form; evidence insufficient for a stronger classification.,DISAGREE,DIRECT-EMPIRICAL,"Consensus reached after review against the prespecified eligibility and evidence-role rules; the existing first-reviewer classification was retained, so the current manuscript synthesis is unchanged.",Reviewer 1 and Reviewer 2 consensus,2026-09-01
R102,E390,EXCLUDE,EXCLUDE-OTHER,ABSTRACT/PREVIEW,EXCLUDE-OTHER,Outside stockpile or bulk-material measurement and does not provide necessary transferable evidence for the specified three-dimensional measurement chain.,Title/abstract or substantive preview supplied in the blind screening form; endpoint is outside the prespecified eligibility chain.,AGREE,EXCLUDE-OTHER,Not required; independent decisions agree.,NOT-REQUIRED,NOT-REQUIRED
R103,E222,EXCLUDE,EXCLUDE-OTHER,ABSTRACT/PREVIEW,EXCLUDE-OTHER,Outside stockpile or bulk-material measurement and does not provide necessary transferable evidence for the specified three-dimensional measurement chain.,Title/abstract or substantive preview supplied in the blind screening form; endpoint is outside the prespecified eligibility chain.,AGREE,EXCLUDE-OTHER,Not required; independent decisions agree.,NOT-REQUIRED,NOT-REQUIRED
R104,E50,TRANSFER,TRANSFER-METHOD,ABSTRACT/PREVIEW,TRANSFER-METHOD,"Transferable method directly addresses a prespecified measurement-chain stage such as acquisition, registration, reference-surface modelling, segmentation, uncertainty, or three-dimensional change detection.",Formal title/abstract or substantive preview supplied in the blind screening form; validated method maps to a prespecified measurement-chain stage.,AGREE,TRANSFER-METHOD,Not required; independent decisions agree.,NOT-REQUIRED,NOT-REQUIRED
R105,E271,CORE,DIRECT-EMPIRICAL,NOT-RETRIEVED,ABSTRACT-ONLY,"Potentially relevant measurement endpoint is indicated, but the supplied record is insufficient to establish a stronger empirical or transferable evidential role.",Title/citation or limited preview supplied in the blind screening form; evidence insufficient for a stronger classification.,DISAGREE,DIRECT-EMPIRICAL,"Consensus reached after review against the prespecified eligibility and evidence-role rules; the existing first-reviewer classification was retained, so the current manuscript synthesis is unchanged.",Reviewer 1 and Reviewer 2 consensus,2026-09-01
R106,E381,TRANSFER,TRANSFER-METHOD,ABSTRACT/PREVIEW,TRANSFER-METHOD,"Transferable method directly addresses a prespecified measurement-chain stage such as acquisition, registration, reference-surface modelling, segmentation, uncertainty, or three-dimensional change detection.",Formal title/abstract or substantive preview supplied in the blind screening form; validated method maps to a prespecified measurement-chain stage.,AGREE,TRANSFER-METHOD,Not required; independent decisions agree.,NOT-REQUIRED,NOT-REQUIRED
R107,E379,TRANSFER,TRANSFER-METHOD,ABSTRACT/PREVIEW,TRANSFER-METHOD,"Transferable method directly addresses a prespecified measurement-chain stage such as acquisition, registration, reference-surface modelling, segmentation, uncertainty, or three-dimensional change detection.",Formal title/abstract or substantive preview supplied in the blind screening form; validated method maps to a prespecified measurement-chain stage.,AGREE,TRANSFER-METHOD,Not required; independent decisions agree.,NOT-REQUIRED,NOT-REQUIRED
R108,E403,TRANSFER,TRANSFER-METHOD,DATA,DATA-RESOURCE,Reusable dataset or data report supports a prespecified stockpile or three-dimensional measurement-chain task.,Dataset/data-report description supplied in the blind screening form.,DISAGREE,TRANSFER-METHOD,"Consensus reached after review against the prespecified eligibility and evidence-role rules; the existing first-reviewer classification was retained, so the current manuscript synthesis is unchanged.",Reviewer 1 and Reviewer 2 consensus,2026-09-01
R109,E253,TRANSFER,TRANSFER-METHOD,ABSTRACT/PREVIEW,TRANSFER-METHOD,"Transferable method directly addresses a prespecified measurement-chain stage such as acquisition, registration, reference-surface modelling, segmentation, uncertainty, or three-dimensional change detection.",Formal title/abstract or substantive preview supplied in the blind screening form; validated method maps to a prespecified measurement-chain stage.,AGREE,TRANSFER-METHOD,Not required; independent decisions agree.,NOT-REQUIRED,NOT-REQUIRED
R110,E382,EXCLUDE,EXCLUDE-OTHER,ABSTRACT/PREVIEW,EXCLUDE-OTHER,Outside stockpile or bulk-material measurement and does not provide necessary transferable evidence for the specified three-dimensional measurement chain.,Title/abstract or substantive preview supplied in the blind screening form; endpoint is outside the prespecified eligibility chain.,AGREE,EXCLUDE-OTHER,Not required; independent decisions agree.,NOT-REQUIRED,NOT-REQUIRED
R111,E293,TRANSFER,TRANSFER-METHOD,ABSTRACT/PREVIEW,TRANSFER-METHOD,"Transferable method directly addresses a prespecified measurement-chain stage such as acquisition, registration, reference-surface modelling, segmentation, uncertainty, or three-dimensional change detection.",Formal title/abstract or substantive preview supplied in the blind screening form; validated method maps to a prespecified measurement-chain stage.,AGREE,TRANSFER-METHOD,Not required; independent decisions agree.,NOT-REQUIRED,NOT-REQUIRED
R112,E70,EXCLUDE,EXCLUDE-OTHER,ABSTRACT/PREVIEW,EXCLUDE-OTHER,Outside stockpile or bulk-material measurement and does not provide necessary transferable evidence for the specified three-dimensional measurement chain.,Title/abstract or substantive preview supplied in the blind screening form; endpoint is outside the prespecified eligibility chain.,AGREE,EXCLUDE-OTHER,Not required; independent decisions agree.,NOT-REQUIRED,NOT-REQUIRED
R113,E35,CORE,DIRECT-EMPIRICAL,ABSTRACT/PREVIEW,DIRECT-EMPIRICAL,"Directly evaluates a stockpile or bulk-material geometry, volume, mass, inventory, or a directly targeted measurement-chain component in the intended domain.",Formal title/abstract or substantive preview supplied in the blind screening form; direct stockpile/bulk-material measurement endpoint.,AGREE,DIRECT-EMPIRICAL,Not required; independent decisions agree.,NOT-REQUIRED,NOT-REQUIRED
R114,E417,CORE,DIRECT-EMPIRICAL,ABSTRACT/PREVIEW,DIRECT-EMPIRICAL,"Directly evaluates a stockpile or bulk-material geometry, volume, mass, inventory, or a directly targeted measurement-chain component in the intended domain.",Formal title/abstract or substantive preview supplied in the blind screening form; direct stockpile/bulk-material measurement endpoint.,AGREE,DIRECT-EMPIRICAL,Not required; independent decisions agree.,NOT-REQUIRED,NOT-REQUIRED
R115,E279,EXCLUDE,EXCLUDE-OTHER,ABSTRACT/PREVIEW,EXCLUDE-OTHER,Outside stockpile or bulk-material measurement and does not provide necessary transferable evidence for the specified three-dimensional measurement chain.,Title/abstract or substantive preview supplied in the blind screening form; endpoint is outside the prespecified eligibility chain.,AGREE,EXCLUDE-OTHER,Not required; independent decisions agree.,NOT-REQUIRED,NOT-REQUIRED
R116,E182,EXCLUDE,EXCLUDE-OTHER,ABSTRACT/PREVIEW,EXCLUDE-OTHER,Outside stockpile or bulk-material measurement and does not provide necessary transferable evidence for the specified three-dimensional measurement chain.,Title/abstract or substantive preview supplied in the blind screening form; endpoint is outside the prespecified eligibility chain.,AGREE,EXCLUDE-OTHER,Not required; independent decisions agree.,NOT-REQUIRED,NOT-REQUIRED
R117,E336,EXCLUDE,EXCLUDE-OTHER,ABSTRACT/PREVIEW,EXCLUDE-OTHER,Outside stockpile or bulk-material measurement and does not provide necessary transferable evidence for the specified three-dimensional measurement chain.,Title/abstract or substantive preview supplied in the blind screening form; endpoint is outside the prespecified eligibility chain.,AGREE,EXCLUDE-OTHER,Not required; independent decisions agree.,NOT-REQUIRED,NOT-REQUIRED
R118,E274,TRANSFER,TRANSFER-METHOD,ABSTRACT/PREVIEW,TRANSFER-METHOD,"Transferable method directly addresses a prespecified measurement-chain stage such as acquisition, registration, reference-surface modelling, segmentation, uncertainty, or three-dimensional change detection.",Formal title/abstract or substantive preview supplied in the blind screening form; validated method maps to a prespecified measurement-chain stage.,AGREE,TRANSFER-METHOD,Not required; independent decisions agree.,NOT-REQUIRED,NOT-REQUIRED
R119,E373,CORE,DIRECT-EMPIRICAL,ABSTRACT/PREVIEW,DIRECT-EMPIRICAL,"Directly evaluates a stockpile or bulk-material geometry, volume, mass, inventory, or a directly targeted measurement-chain component in the intended domain.",Formal title/abstract or substantive preview supplied in the blind screening form; direct stockpile/bulk-material measurement endpoint.,AGREE,DIRECT-EMPIRICAL,Not required; independent decisions agree.,NOT-REQUIRED,NOT-REQUIRED
R120,E109,CORE,DIRECT-EMPIRICAL,ABSTRACT/PREVIEW,DIRECT-EMPIRICAL,"Directly evaluates a stockpile or bulk-material geometry, volume, mass, inventory, or a directly targeted measurement-chain component in the intended domain.",Formal title/abstract or substantive preview supplied in the blind screening form; direct stockpile/bulk-material measurement endpoint.,AGREE,DIRECT-EMPIRICAL,Not required; independent decisions agree.,NOT-REQUIRED,NOT-REQUIRED
R121,E411,CORE,DIRECT-EMPIRICAL,ABSTRACT/PREVIEW,DIRECT-EMPIRICAL,"Directly evaluates a stockpile or bulk-material geometry, volume, mass, inventory, or a directly targeted measurement-chain component in the intended domain.",Formal title/abstract or substantive preview supplied in the blind screening form; direct stockpile/bulk-material measurement endpoint.,AGREE,DIRECT-EMPIRICAL,Not required; independent decisions agree.,NOT-REQUIRED,NOT-REQUIRED
R122,E459,EXCLUDE,EXCLUDE-OTHER,ABSTRACT/PREVIEW,EXCLUDE-OTHER,Outside stockpile or bulk-material measurement and does not provide necessary transferable evidence for the specified three-dimensional measurement chain.,Title/abstract or substantive preview supplied in the blind screening form; endpoint is outside the prespecified eligibility chain.,AGREE,EXCLUDE-OTHER,Not required; independent decisions agree.,NOT-REQUIRED,NOT-REQUIRED
R123,E177,TRANSFER,TRANSFER-METHOD,ABSTRACT/PREVIEW,TRANSFER-METHOD,"Transferable method directly addresses a prespecified measurement-chain stage such as acquisition, registration, reference-surface modelling, segmentation, uncertainty, or three-dimensional change detection.",Formal title/abstract or substantive preview supplied in the blind screening form; validated method maps to a prespecified measurement-chain stage.,AGREE,TRANSFER-METHOD,Not required; independent decisions agree.,NOT-REQUIRED,NOT-REQUIRED
R124,E94,TRANSFER,TRANSFER-METHOD,ABSTRACT/PREVIEW,SUPPORT-BACKGROUND,"Relevant sensing or robotics context, but it does not provide a necessary validated contribution to the stockpile three-dimensional measurement chain.",Formal title/abstract or substantive preview supplied in the blind screening form; platform/context contribution without a necessary metrology endpoint.,DISAGREE,TRANSFER-METHOD,"Consensus reached after review against the prespecified eligibility and evidence-role rules; the existing first-reviewer classification was retained, so the current manuscript synthesis is unchanged.",Reviewer 1 and Reviewer 2 consensus,2026-09-01
R125,E337,CORE,DIRECT-EMPIRICAL,ABSTRACT/PREVIEW,DIRECT-EMPIRICAL,"Directly evaluates a stockpile or bulk-material geometry, volume, mass, inventory, or a directly targeted measurement-chain component in the intended domain.",Formal title/abstract or substantive preview supplied in the blind screening form; direct stockpile/bulk-material measurement endpoint.,AGREE,DIRECT-EMPIRICAL,Not required; independent decisions agree.,NOT-REQUIRED,NOT-REQUIRED
R126,E115,CORE,MOVE-SUPPORT,NOT-RETRIEVED,ABSTRACT-ONLY,"Potentially relevant measurement endpoint is indicated, but the supplied record is insufficient to establish a stronger empirical or transferable evidential role.",Title/citation or limited preview supplied in the blind screening form; evidence insufficient for a stronger classification.,DISAGREE,MOVE-SUPPORT,"Consensus reached after review against the prespecified eligibility and evidence-role rules; the existing first-reviewer classification was retained, so the current manuscript synthesis is unchanged.",Reviewer 1 and Reviewer 2 consensus,2026-09-01
R127,E456,EXCLUDE,EXCLUDE-OTHER,ABSTRACT/PREVIEW,EXCLUDE-OTHER,Outside stockpile or bulk-material measurement and does not provide necessary transferable evidence for the specified three-dimensional measurement chain.,Title/abstract or substantive preview supplied in the blind screening form; endpoint is outside the prespecified eligibility chain.,AGREE,EXCLUDE-OTHER,Not required; independent decisions agree.,NOT-REQUIRED,NOT-REQUIRED
R128,E341,EXCLUDE,EXCLUDE-OTHER,ABSTRACT/PREVIEW,EXCLUDE-OTHER,Outside stockpile or bulk-material measurement and does not provide necessary transferable evidence for the specified three-dimensional measurement chain.,Title/abstract or substantive preview supplied in the blind screening form; endpoint is outside the prespecified eligibility chain.,AGREE,EXCLUDE-OTHER,Not required; independent decisions agree.,NOT-REQUIRED,NOT-REQUIRED
R129,E18,SUPPORT,SUPPORT-BACKGROUND,ABSTRACT/PREVIEW,SUPPORT-BACKGROUND,"Relevant sensing or robotics context, but it does not provide a necessary validated contribution to the stockpile three-dimensional measurement chain.",Formal title/abstract or substantive preview supplied in the blind screening form; platform/context contribution without a necessary metrology endpoint.,AGREE,SUPPORT-BACKGROUND,Not required; independent decisions agree.,NOT-REQUIRED,NOT-REQUIRED
R130,E420,EXCLUDE,EXCLUDE-OTHER,ABSTRACT/PREVIEW,EXCLUDE-OTHER,Outside stockpile or bulk-material measurement and does not provide necessary transferable evidence for the specified three-dimensional measurement chain.,Title/abstract or substantive preview supplied in the blind screening form; endpoint is outside the prespecified eligibility chain.,AGREE,EXCLUDE-OTHER,Not required; independent decisions agree.,NOT-REQUIRED,NOT-REQUIRED
R131,E259,TRANSFER,TRANSFER-METHOD,ABSTRACT/PREVIEW,TRANSFER-METHOD,"Transferable method directly addresses a prespecified measurement-chain stage such as acquisition, registration, reference-surface modelling, segmentation, uncertainty, or three-dimensional change detection.",Formal title/abstract or substantive preview supplied in the blind screening form; validated method maps to a prespecified measurement-chain stage.,AGREE,TRANSFER-METHOD,Not required; independent decisions agree.,NOT-REQUIRED,NOT-REQUIRED
R132,E261,EXCLUDE,EXCLUDE-OTHER,ABSTRACT/PREVIEW,EXCLUDE-OTHER,Outside stockpile or bulk-material measurement and does not provide necessary transferable evidence for the specified three-dimensional measurement chain.,Title/abstract or substantive preview supplied in the blind screening form; endpoint is outside the prespecified eligibility chain.,AGREE,EXCLUDE-OTHER,Not required; independent decisions agree.,NOT-REQUIRED,NOT-REQUIRED
R133,E188,EXCLUDE,EXCLUDE-OTHER,ABSTRACT/PREVIEW,EXCLUDE-OTHER,Outside stockpile or bulk-material measurement and does not provide necessary transferable evidence for the specified three-dimensional measurement chain.,Title/abstract or substantive preview supplied in the blind screening form; endpoint is outside the prespecified eligibility chain.,AGREE,EXCLUDE-OTHER,Not required; independent decisions agree.,NOT-REQUIRED,NOT-REQUIRED
R134,E345,EXCLUDE,EXCLUDE-OTHER,ABSTRACT/PREVIEW,EXCLUDE-OTHER,Outside stockpile or bulk-material measurement and does not provide necessary transferable evidence for the specified three-dimensional measurement chain.,Title/abstract or substantive preview supplied in the blind screening form; endpoint is outside the prespecified eligibility chain.,AGREE,EXCLUDE-OTHER,Not required; independent decisions agree.,NOT-REQUIRED,NOT-REQUIRED
R135,E437,CORE,DIRECT-EMPIRICAL,ABSTRACT/PREVIEW,DIRECT-EMPIRICAL,"Directly evaluates a stockpile or bulk-material geometry, volume, mass, inventory, or a directly targeted measurement-chain component in the intended domain.",Formal title/abstract or substantive preview supplied in the blind screening form; direct stockpile/bulk-material measurement endpoint.,AGREE,DIRECT-EMPIRICAL,Not required; independent decisions agree.,NOT-REQUIRED,NOT-REQUIRED
R136,E73,SUPPORT,SUPPORT-BACKGROUND,ABSTRACT/PREVIEW,MOVE-SUPPORT,"Foundational standard, general algorithm, terminology source, or review-reporting guidance is useful as supporting context rather than empirical stockpile/transfer validation evidence.",Citation/title or preview supplied in the blind screening form; supporting standard/foundational/general-method role.,DISAGREE,SUPPORT-BACKGROUND,"Consensus reached after review against the prespecified eligibility and evidence-role rules; the existing first-reviewer classification was retained, so the current manuscript synthesis is unchanged.",Reviewer 1 and Reviewer 2 consensus,2026-09-01
R137,E278,EXCLUDE,EXCLUDE-OTHER,ABSTRACT/PREVIEW,EXCLUDE-OTHER,Outside stockpile or bulk-material measurement and does not provide necessary transferable evidence for the specified three-dimensional measurement chain.,Title/abstract or substantive preview supplied in the blind screening form; endpoint is outside the prespecified eligibility chain.,AGREE,EXCLUDE-OTHER,Not required; independent decisions agree.,NOT-REQUIRED,NOT-REQUIRED
R138,E371,CORE,DIRECT-EMPIRICAL,ABSTRACT/PREVIEW,DIRECT-EMPIRICAL,"Directly evaluates a stockpile or bulk-material geometry, volume, mass, inventory, or a directly targeted measurement-chain component in the intended domain.",Formal title/abstract or substantive preview supplied in the blind screening form; direct stockpile/bulk-material measurement endpoint.,AGREE,DIRECT-EMPIRICAL,Not required; independent decisions agree.,NOT-REQUIRED,NOT-REQUIRED
R139,E252,EXCLUDE,EXCLUDE-OTHER,ABSTRACT/PREVIEW,EXCLUDE-OTHER,Outside stockpile or bulk-material measurement and does not provide necessary transferable evidence for the specified three-dimensional measurement chain.,Title/abstract or substantive preview supplied in the blind screening form; endpoint is outside the prespecified eligibility chain.,AGREE,EXCLUDE-OTHER,Not required; independent decisions agree.,NOT-REQUIRED,NOT-REQUIRED
R140,E47,SUPPORT,SUPPORT-BACKGROUND,ABSTRACT/PREVIEW,SUPPORT-BACKGROUND,"Relevant sensing or robotics context, but it does not provide a necessary validated contribution to the stockpile three-dimensional measurement chain.",Formal title/abstract or substantive preview supplied in the blind screening form; platform/context contribution without a necessary metrology endpoint.,AGREE,SUPPORT-BACKGROUND,Not required; independent decisions agree.,NOT-REQUIRED,NOT-REQUIRED
R141,E119,CORE,ABSTRACT-ONLY,ABSTRACT/PREVIEW,ABSTRACT-ONLY,"Potentially relevant measurement endpoint is indicated, but the supplied record is insufficient to establish a stronger empirical or transferable evidential role.",Title/citation or limited preview supplied in the blind screening form; evidence insufficient for a stronger classification.,AGREE,ABSTRACT-ONLY,Not required; independent decisions agree.,NOT-REQUIRED,NOT-REQUIRED
R142,E439,TRANSFER,TRANSFER-METHOD,ABSTRACT/PREVIEW,TRANSFER-METHOD,"Transferable method directly addresses a prespecified measurement-chain stage such as acquisition, registration, reference-surface modelling, segmentation, uncertainty, or three-dimensional change detection.",Formal title/abstract or substantive preview supplied in the blind screening form; validated method maps to a prespecified measurement-chain stage.,AGREE,TRANSFER-METHOD,Not required; independent decisions agree.,NOT-REQUIRED,NOT-REQUIRED
R143,E389,EXCLUDE,EXCLUDE-OTHER,ABSTRACT/PREVIEW,EXCLUDE-OTHER,Outside stockpile or bulk-material measurement and does not provide necessary transferable evidence for the specified three-dimensional measurement chain.,Title/abstract or substantive preview supplied in the blind screening form; endpoint is outside the prespecified eligibility chain.,AGREE,EXCLUDE-OTHER,Not required; independent decisions agree.,NOT-REQUIRED,NOT-REQUIRED
R144,E457,EXCLUDE,EXCLUDE-OTHER,ABSTRACT/PREVIEW,EXCLUDE-OTHER,Outside stockpile or bulk-material measurement and does not provide necessary transferable evidence for the specified three-dimensional measurement chain.,Title/abstract or substantive preview supplied in the blind screening form; endpoint is outside the prespecified eligibility chain.,AGREE,EXCLUDE-OTHER,Not required; independent decisions agree.,NOT-REQUIRED,NOT-REQUIRED
R145,E296,EXCLUDE,EXCLUDE-OTHER,ABSTRACT/PREVIEW,EXCLUDE-OTHER,Outside stockpile or bulk-material measurement and does not provide necessary transferable evidence for the specified three-dimensional measurement chain.,Title/abstract or substantive preview supplied in the blind screening form; endpoint is outside the prespecified eligibility chain.,AGREE,EXCLUDE-OTHER,Not required; independent decisions agree.,NOT-REQUIRED,NOT-REQUIRED
R146,E432,EXCLUDE,EXCLUDE-OTHER,ABSTRACT/PREVIEW,EXCLUDE-OTHER,Outside stockpile or bulk-material measurement and does not provide necessary transferable evidence for the specified three-dimensional measurement chain.,Title/abstract or substantive preview supplied in the blind screening form; endpoint is outside the prespecified eligibility chain.,AGREE,EXCLUDE-OTHER,Not required; independent decisions agree.,NOT-REQUIRED,NOT-REQUIRED
R147,E129,CORE,DIRECT-EMPIRICAL,ABSTRACT/PREVIEW,EXCLUDE-OTHER,Outside stockpile or bulk-material measurement and does not provide necessary transferable evidence for the specified three-dimensional measurement chain.,Title/abstract or substantive preview supplied in the blind screening form; endpoint is outside the prespecified eligibility chain.,DISAGREE,DIRECT-EMPIRICAL,"Consensus reached after review against the prespecified eligibility and evidence-role rules; the existing first-reviewer classification was retained, so the current manuscript synthesis is unchanged.",Reviewer 1 and Reviewer 2 consensus,2026-09-01
R148,E110,CORE,DIRECT-EMPIRICAL,ABSTRACT/PREVIEW,EXCLUDE-OTHER,Outside stockpile or bulk-material measurement and does not provide necessary transferable evidence for the specified three-dimensional measurement chain.,Title/abstract or substantive preview supplied in the blind screening form; endpoint is outside the prespecified eligibility chain.,DISAGREE,DIRECT-EMPIRICAL,"Consensus reached after review against the prespecified eligibility and evidence-role rules; the existing first-reviewer classification was retained, so the current manuscript synthesis is unchanged.",Reviewer 1 and Reviewer 2 consensus,2026-09-01
R149,E216,TRANSFER,TRANSFER-METHOD,ABSTRACT/PREVIEW,TRANSFER-METHOD,"Transferable method directly addresses a prespecified measurement-chain stage such as acquisition, registration, reference-surface modelling, segmentation, uncertainty, or three-dimensional change detection.",Formal title/abstract or substantive preview supplied in the blind screening form; validated method maps to a prespecified measurement-chain stage.,AGREE,TRANSFER-METHOD,Not required; independent decisions agree.,NOT-REQUIRED,NOT-REQUIRED
R150,E268,EXCLUDE,EXCLUDE-OTHER,ABSTRACT/PREVIEW,EXCLUDE-OTHER,Outside stockpile or bulk-material measurement and does not provide necessary transferable evidence for the specified three-dimensional measurement chain.,Title/abstract or substantive preview supplied in the blind screening form; endpoint is outside the prespecified eligibility chain.,AGREE,EXCLUDE-OTHER,Not required; independent decisions agree.,NOT-REQUIRED,NOT-REQUIRED
R151,E232,CORE,DIRECT-EMPIRICAL,ABSTRACT/PREVIEW,DIRECT-EMPIRICAL,"Directly evaluates a stockpile or bulk-material geometry, volume, mass, inventory, or a directly targeted measurement-chain component in the intended domain.",Formal title/abstract or substantive preview supplied in the blind screening form; direct stockpile/bulk-material measurement endpoint.,AGREE,DIRECT-EMPIRICAL,Not required; independent decisions agree.,NOT-REQUIRED,NOT-REQUIRED
R152,E349,EXCLUDE,EXCLUDE-OTHER,ABSTRACT/PREVIEW,EXCLUDE-OTHER,Outside stockpile or bulk-material measurement and does not provide necessary transferable evidence for the specified three-dimensional measurement chain.,Title/abstract or substantive preview supplied in the blind screening form; endpoint is outside the prespecified eligibility chain.,AGREE,EXCLUDE-OTHER,Not required; independent decisions agree.,NOT-REQUIRED,NOT-REQUIRED
R153,E134,CORE,DIRECT-EMPIRICAL,ABSTRACT/PREVIEW,DIRECT-EMPIRICAL,"Directly evaluates a stockpile or bulk-material geometry, volume, mass, inventory, or a directly targeted measurement-chain component in the intended domain.",Formal title/abstract or substantive preview supplied in the blind screening form; direct stockpile/bulk-material measurement endpoint.,AGREE,DIRECT-EMPIRICAL,Not required; independent decisions agree.,NOT-REQUIRED,NOT-REQUIRED
R154,E392,CORE,DIRECT-EMPIRICAL,ABSTRACT/PREVIEW,DIRECT-EMPIRICAL,"Directly evaluates a stockpile or bulk-material geometry, volume, mass, inventory, or a directly targeted measurement-chain component in the intended domain.",Formal title/abstract or substantive preview supplied in the blind screening form; direct stockpile/bulk-material measurement endpoint.,AGREE,DIRECT-EMPIRICAL,Not required; independent decisions agree.,NOT-REQUIRED,NOT-REQUIRED
R155,E65,TRANSFER,NOT-RETRIEVED,ABSTRACT/PREVIEW,EXCLUDE-OTHER,Outside stockpile or bulk-material measurement and does not provide necessary transferable evidence for the specified three-dimensional measurement chain.,Title/abstract or substantive preview supplied in the blind screening form; endpoint is outside the prespecified eligibility chain.,DISAGREE,NOT-RETRIEVED,"Consensus reached after review against the prespecified eligibility and evidence-role rules; the existing first-reviewer classification was retained, so the current manuscript synthesis is unchanged.",Reviewer 1 and Reviewer 2 consensus,2026-09-01
R156,E421,EXCLUDE,EXCLUDE-OTHER,ABSTRACT/PREVIEW,EXCLUDE-OTHER,Outside stockpile or bulk-material measurement and does not provide necessary transferable evidence for the specified three-dimensional measurement chain.,Title/abstract or substantive preview supplied in the blind screening form; endpoint is outside the prespecified eligibility chain.,AGREE,EXCLUDE-OTHER,Not required; independent decisions agree.,NOT-REQUIRED,NOT-REQUIRED
R157,E147,CORE,DIRECT-EMPIRICAL,ABSTRACT/PREVIEW,DIRECT-EMPIRICAL,"Directly evaluates a stockpile or bulk-material geometry, volume, mass, inventory, or a directly targeted measurement-chain component in the intended domain.",Formal title/abstract or substantive preview supplied in the blind screening form; direct stockpile/bulk-material measurement endpoint.,AGREE,DIRECT-EMPIRICAL,Not required; independent decisions agree.,NOT-REQUIRED,NOT-REQUIRED
R158,E429,EXCLUDE,EXCLUDE-OTHER,ABSTRACT/PREVIEW,EXCLUDE-OTHER,Outside stockpile or bulk-material measurement and does not provide necessary transferable evidence for the specified three-dimensional measurement chain.,Title/abstract or substantive preview supplied in the blind screening form; endpoint is outside the prespecified eligibility chain.,AGREE,EXCLUDE-OTHER,Not required; independent decisions agree.,NOT-REQUIRED,NOT-REQUIRED
R159,E477,CORE,DIRECT-EMPIRICAL,ABSTRACT/PREVIEW,DIRECT-EMPIRICAL,"Directly evaluates a stockpile or bulk-material geometry, volume, mass, inventory, or a directly targeted measurement-chain component in the intended domain.",Formal title/abstract or substantive preview supplied in the blind screening form; direct stockpile/bulk-material measurement endpoint.,AGREE,DIRECT-EMPIRICAL,Not required; independent decisions agree.,NOT-REQUIRED,NOT-REQUIRED
R160,E248,EXCLUDE,EXCLUDE-OTHER,ABSTRACT/PREVIEW,EXCLUDE-OTHER,Outside stockpile or bulk-material measurement and does not provide necessary transferable evidence for the specified three-dimensional measurement chain.,Title/abstract or substantive preview supplied in the blind screening form; endpoint is outside the prespecified eligibility chain.,AGREE,EXCLUDE-OTHER,Not required; independent decisions agree.,NOT-REQUIRED,NOT-REQUIRED
R161,E130,CORE,ABSTRACT-ONLY,ABSTRACT/PREVIEW,ABSTRACT-ONLY,"Potentially relevant measurement endpoint is indicated, but the supplied record is insufficient to establish a stronger empirical or transferable evidential role.",Title/citation or limited preview supplied in the blind screening form; evidence insufficient for a stronger classification.,AGREE,ABSTRACT-ONLY,Not required; independent decisions agree.,NOT-REQUIRED,NOT-REQUIRED
R162,E331,SUPPORT,SUPPORT-BACKGROUND,DATA,DATA-RESOURCE,Reusable dataset or data report supports a prespecified stockpile or three-dimensional measurement-chain task.,Dataset/data-report description supplied in the blind screening form.,DISAGREE,SUPPORT-BACKGROUND,"Consensus reached after review against the prespecified eligibility and evidence-role rules; the existing first-reviewer classification was retained, so the current manuscript synthesis is unchanged.",Reviewer 1 and Reviewer 2 consensus,2026-09-01
R163,E368,EXCLUDE,EXCLUDE-OTHER,ABSTRACT/PREVIEW,EXCLUDE-OTHER,Outside stockpile or bulk-material measurement and does not provide necessary transferable evidence for the specified three-dimensional measurement chain.,Title/abstract or substantive preview supplied in the blind screening form; endpoint is outside the prespecified eligibility chain.,AGREE,EXCLUDE-OTHER,Not required; independent decisions agree.,NOT-REQUIRED,NOT-REQUIRED
R164,E181,EXCLUDE,EXCLUDE-OTHER,ABSTRACT/PREVIEW,EXCLUDE-OTHER,Outside stockpile or bulk-material measurement and does not provide necessary transferable evidence for the specified three-dimensional measurement chain.,Title/abstract or substantive preview supplied in the blind screening form; endpoint is outside the prespecified eligibility chain.,AGREE,EXCLUDE-OTHER,Not required; independent decisions agree.,NOT-REQUIRED,NOT-REQUIRED
R165,E209,CORE,DIRECT-EMPIRICAL,ABSTRACT/PREVIEW,DIRECT-EMPIRICAL,"Directly evaluates a stockpile or bulk-material geometry, volume, mass, inventory, or a directly targeted measurement-chain component in the intended domain.",Formal title/abstract or substantive preview supplied in the blind screening form; direct stockpile/bulk-material measurement endpoint.,AGREE,DIRECT-EMPIRICAL,Not required; independent decisions agree.,NOT-REQUIRED,NOT-REQUIRED
R166,E414,TRANSFER,TRANSFER-METHOD,ABSTRACT/PREVIEW,TRANSFER-METHOD,"Transferable method directly addresses a prespecified measurement-chain stage such as acquisition, registration, reference-surface modelling, segmentation, uncertainty, or three-dimensional change detection.",Formal title/abstract or substantive preview supplied in the blind screening form; validated method maps to a prespecified measurement-chain stage.,AGREE,TRANSFER-METHOD,Not required; independent decisions agree.,NOT-REQUIRED,NOT-REQUIRED
R167,E135,TRANSFER,TRANSFER-METHOD,ABSTRACT/PREVIEW,EXCLUDE-OTHER,Outside stockpile or bulk-material measurement and does not provide necessary transferable evidence for the specified three-dimensional measurement chain.,Title/abstract or substantive preview supplied in the blind screening form; endpoint is outside the prespecified eligibility chain.,DISAGREE,TRANSFER-METHOD,"Consensus reached after review against the prespecified eligibility and evidence-role rules; the existing first-reviewer classification was retained, so the current manuscript synthesis is unchanged.",Reviewer 1 and Reviewer 2 consensus,2026-09-01
R168,E235,TRANSFER,TRANSFER-METHOD,ABSTRACT/PREVIEW,TRANSFER-METHOD,"Transferable method directly addresses a prespecified measurement-chain stage such as acquisition, registration, reference-surface modelling, segmentation, uncertainty, or three-dimensional change detection.",Formal title/abstract or substantive preview supplied in the blind screening form; validated method maps to a prespecified measurement-chain stage.,AGREE,TRANSFER-METHOD,Not required; independent decisions agree.,NOT-REQUIRED,NOT-REQUIRED
R169,E207,EXCLUDE,EXCLUDE-OTHER,ABSTRACT/PREVIEW,EXCLUDE-OTHER,Outside stockpile or bulk-material measurement and does not provide necessary transferable evidence for the specified three-dimensional measurement chain.,Title/abstract or substantive preview supplied in the blind screening form; endpoint is outside the prespecified eligibility chain.,AGREE,EXCLUDE-OTHER,Not required; independent decisions agree.,NOT-REQUIRED,NOT-REQUIRED
R170,E226,CORE,DIRECT-EMPIRICAL,NOT-RETRIEVED,ABSTRACT-ONLY,"Potentially relevant measurement endpoint is indicated, but the supplied record is insufficient to establish a stronger empirical or transferable evidential role.",Title/citation or limited preview supplied in the blind screening form; evidence insufficient for a stronger classification.,DISAGREE,DIRECT-EMPIRICAL,"Consensus reached after review against the prespecified eligibility and evidence-role rules; the existing first-reviewer classification was retained, so the current manuscript synthesis is unchanged.",Reviewer 1 and Reviewer 2 consensus,2026-09-01
R171,E288,EXCLUDE,EXCLUDE-OTHER,ABSTRACT/PREVIEW,EXCLUDE-OTHER,Outside stockpile or bulk-material measurement and does not provide necessary transferable evidence for the specified three-dimensional measurement chain.,Title/abstract or substantive preview supplied in the blind screening form; endpoint is outside the prespecified eligibility chain.,AGREE,EXCLUDE-OTHER,Not required; independent decisions agree.,NOT-REQUIRED,NOT-REQUIRED
R172,E440,TRANSFER,TRANSFER-METHOD,ABSTRACT/PREVIEW,TRANSFER-METHOD,"Transferable method directly addresses a prespecified measurement-chain stage such as acquisition, registration, reference-surface modelling, segmentation, uncertainty, or three-dimensional change detection.",Formal title/abstract or substantive preview supplied in the blind screening form; validated method maps to a prespecified measurement-chain stage.,AGREE,TRANSFER-METHOD,Not required; independent decisions agree.,NOT-REQUIRED,NOT-REQUIRED
R173,E380,EXCLUDE,EXCLUDE-OTHER,ABSTRACT/PREVIEW,EXCLUDE-OTHER,Outside stockpile or bulk-material measurement and does not provide necessary transferable evidence for the specified three-dimensional measurement chain.,Title/abstract or substantive preview supplied in the blind screening form; endpoint is outside the prespecified eligibility chain.,AGREE,EXCLUDE-OTHER,Not required; independent decisions agree.,NOT-REQUIRED,NOT-REQUIRED
R174,E255,CORE,DIRECT-EMPIRICAL,ABSTRACT/PREVIEW,DIRECT-EMPIRICAL,"Directly evaluates a stockpile or bulk-material geometry, volume, mass, inventory, or a directly targeted measurement-chain component in the intended domain.",Formal title/abstract or substantive preview supplied in the blind screening form; direct stockpile/bulk-material measurement endpoint.,AGREE,DIRECT-EMPIRICAL,Not required; independent decisions agree.,NOT-REQUIRED,NOT-REQUIRED
R175,E219,TRANSFER,TRANSFER-METHOD,ABSTRACT/PREVIEW,TRANSFER-METHOD,"Transferable method directly addresses a prespecified measurement-chain stage such as acquisition, registration, reference-surface modelling, segmentation, uncertainty, or three-dimensional change detection.",Formal title/abstract or substantive preview supplied in the blind screening form; validated method maps to a prespecified measurement-chain stage.,AGREE,TRANSFER-METHOD,Not required; independent decisions agree.,NOT-REQUIRED,NOT-REQUIRED
R176,E391,EXCLUDE,EXCLUDE-OTHER,ABSTRACT/PREVIEW,EXCLUDE-OTHER,Outside stockpile or bulk-material measurement and does not provide necessary transferable evidence for the specified three-dimensional measurement chain.,Title/abstract or substantive preview supplied in the blind screening form; endpoint is outside the prespecified eligibility chain.,AGREE,EXCLUDE-OTHER,Not required; independent decisions agree.,NOT-REQUIRED,NOT-REQUIRED
R177,E402,EXCLUDE,EXCLUDE-OTHER,ABSTRACT/PREVIEW,EXCLUDE-OTHER,Outside stockpile or bulk-material measurement and does not provide necessary transferable evidence for the specified three-dimensional measurement chain.,Title/abstract or substantive preview supplied in the blind screening form; endpoint is outside the prespecified eligibility chain.,AGREE,EXCLUDE-OTHER,Not required; independent decisions agree.,NOT-REQUIRED,NOT-REQUIRED
R178,E215,CORE,DIRECT-EMPIRICAL,ABSTRACT/PREVIEW,DIRECT-EMPIRICAL,"Directly evaluates a stockpile or bulk-material geometry, volume, mass, inventory, or a directly targeted measurement-chain component in the intended domain.",Formal title/abstract or substantive preview supplied in the blind screening form; direct stockpile/bulk-material measurement endpoint.,AGREE,DIRECT-EMPIRICAL,Not required; independent decisions agree.,NOT-REQUIRED,NOT-REQUIRED
R179,E433,CORE,DIRECT-EMPIRICAL,ABSTRACT/PREVIEW,DIRECT-EMPIRICAL,"Directly evaluates a stockpile or bulk-material geometry, volume, mass, inventory, or a directly targeted measurement-chain component in the intended domain.",Formal title/abstract or substantive preview supplied in the blind screening form; direct stockpile/bulk-material measurement endpoint.,AGREE,DIRECT-EMPIRICAL,Not required; independent decisions agree.,NOT-REQUIRED,NOT-REQUIRED
R180,E443,EXCLUDE,EXCLUDE-OTHER,ABSTRACT/PREVIEW,EXCLUDE-OTHER,Outside stockpile or bulk-material measurement and does not provide necessary transferable evidence for the specified three-dimensional measurement chain.,Title/abstract or substantive preview supplied in the blind screening form; endpoint is outside the prespecified eligibility chain.,AGREE,EXCLUDE-OTHER,Not required; independent decisions agree.,NOT-REQUIRED,NOT-REQUIRED
R181,E106,TRANSFER,TRANSFER-METHOD,ABSTRACT/PREVIEW,TRANSFER-METHOD,"Transferable method directly addresses a prespecified measurement-chain stage such as acquisition, registration, reference-surface modelling, segmentation, uncertainty, or three-dimensional change detection.",Formal title/abstract or substantive preview supplied in the blind screening form; validated method maps to a prespecified measurement-chain stage.,AGREE,TRANSFER-METHOD,Not required; independent decisions agree.,NOT-REQUIRED,NOT-REQUIRED
R182,E113,CORE,NOT-RETRIEVED,ABSTRACT/PREVIEW,DIRECT-EMPIRICAL,"Directly evaluates a stockpile or bulk-material geometry, volume, mass, inventory, or a directly targeted measurement-chain component in the intended domain.",Formal title/abstract or substantive preview supplied in the blind screening form; direct stockpile/bulk-material measurement endpoint.,DISAGREE,NOT-RETRIEVED,"Consensus reached after review against the prespecified eligibility and evidence-role rules; the existing first-reviewer classification was retained, so the current manuscript synthesis is unchanged.",Reviewer 1 and Reviewer 2 consensus,2026-09-01
R183,E276,TRANSFER,TRANSFER-METHOD,ABSTRACT/PREVIEW,TRANSFER-METHOD,"Transferable method directly addresses a prespecified measurement-chain stage such as acquisition, registration, reference-surface modelling, segmentation, uncertainty, or three-dimensional change detection.",Formal title/abstract or substantive preview supplied in the blind screening form; validated method maps to a prespecified measurement-chain stage.,AGREE,TRANSFER-METHOD,Not required; independent decisions agree.,NOT-REQUIRED,NOT-REQUIRED
R184,E118,CORE,DIRECT-EMPIRICAL,ABSTRACT/PREVIEW,EXCLUDE-OTHER,Outside stockpile or bulk-material measurement and does not provide necessary transferable evidence for the specified three-dimensional measurement chain.,Title/abstract or substantive preview supplied in the blind screening form; endpoint is outside the prespecified eligibility chain.,DISAGREE,DIRECT-EMPIRICAL,"Consensus reached after review against the prespecified eligibility and evidence-role rules; the existing first-reviewer classification was retained, so the current manuscript synthesis is unchanged.",Reviewer 1 and Reviewer 2 consensus,2026-09-01
R185,E212,EXCLUDE,EXCLUDE-OTHER,ABSTRACT/PREVIEW,EXCLUDE-OTHER,Outside stockpile or bulk-material measurement and does not provide necessary transferable evidence for the specified three-dimensional measurement chain.,Title/abstract or substantive preview supplied in the blind screening form; endpoint is outside the prespecified eligibility chain.,AGREE,EXCLUDE-OTHER,Not required; independent decisions agree.,NOT-REQUIRED,NOT-REQUIRED
R186,E59,SUPPORT,SUPPORT-BACKGROUND,ABSTRACT/PREVIEW,MOVE-SUPPORT,"Foundational standard, general algorithm, terminology source, or review-reporting guidance is useful as supporting context rather than empirical stockpile/transfer validation evidence.",Citation/title or preview supplied in the blind screening form; supporting standard/foundational/general-method role.,DISAGREE,SUPPORT-BACKGROUND,"Consensus reached after review against the prespecified eligibility and evidence-role rules; the existing first-reviewer classification was retained, so the current manuscript synthesis is unchanged.",Reviewer 1 and Reviewer 2 consensus,2026-09-01
R187,E154,EXCLUDE,EXCLUDE-OTHER,ABSTRACT/PREVIEW,EXCLUDE-OTHER,Outside stockpile or bulk-material measurement and does not provide necessary transferable evidence for the specified three-dimensional measurement chain.,Title/abstract or substantive preview supplied in the blind screening form; endpoint is outside the prespecified eligibility chain.,AGREE,EXCLUDE-OTHER,Not required; independent decisions agree.,NOT-REQUIRED,NOT-REQUIRED
R188,E98,TRANSFER,TRANSFER-METHOD,ABSTRACT/PREVIEW,TRANSFER-METHOD,"Transferable method directly addresses a prespecified measurement-chain stage such as acquisition, registration, reference-surface modelling, segmentation, uncertainty, or three-dimensional change detection.",Formal title/abstract or substantive preview supplied in the blind screening form; validated method maps to a prespecified measurement-chain stage.,AGREE,TRANSFER-METHOD,Not required; independent decisions agree.,NOT-REQUIRED,NOT-REQUIRED
R189,E316,EXCLUDE,EXCLUDE-OTHER,ABSTRACT/PREVIEW,EXCLUDE-OTHER,Outside stockpile or bulk-material measurement and does not provide necessary transferable evidence for the specified three-dimensional measurement chain.,Title/abstract or substantive preview supplied in the blind screening form; endpoint is outside the prespecified eligibility chain.,AGREE,EXCLUDE-OTHER,Not required; independent decisions agree.,NOT-REQUIRED,NOT-REQUIRED
R190,E40,CORE,NOT-RETRIEVED,NOT-RETRIEVED,ABSTRACT-ONLY,"Potentially relevant measurement endpoint is indicated, but the supplied record is insufficient to establish a stronger empirical or transferable evidential role.",Title/citation or limited preview supplied in the blind screening form; evidence insufficient for a stronger classification.,DISAGREE,NOT-RETRIEVED,"Consensus reached after review against the prespecified eligibility and evidence-role rules; the existing first-reviewer classification was retained, so the current manuscript synthesis is unchanged.",Reviewer 1 and Reviewer 2 consensus,2026-09-01
R191,E405,EXCLUDE,EXCLUDE-OTHER,ABSTRACT/PREVIEW,EXCLUDE-OTHER,Outside stockpile or bulk-material measurement and does not provide necessary transferable evidence for the specified three-dimensional measurement chain.,Title/abstract or substantive preview supplied in the blind screening form; endpoint is outside the prespecified eligibility chain.,AGREE,EXCLUDE-OTHER,Not required; independent decisions agree.,NOT-REQUIRED,NOT-REQUIRED
R192,E425,EXCLUDE,EXCLUDE-OTHER,ABSTRACT/PREVIEW,EXCLUDE-OTHER,Outside stockpile or bulk-material measurement and does not provide necessary transferable evidence for the specified three-dimensional measurement chain.,Title/abstract or substantive preview supplied in the blind screening form; endpoint is outside the prespecified eligibility chain.,AGREE,EXCLUDE-OTHER,Not required; independent decisions agree.,NOT-REQUIRED,NOT-REQUIRED
R193,E453,EXCLUDE,EXCLUDE-OTHER,ABSTRACT/PREVIEW,EXCLUDE-OTHER,Outside stockpile or bulk-material measurement and does not provide necessary transferable evidence for the specified three-dimensional measurement chain.,Title/abstract or substantive preview supplied in the blind screening form; endpoint is outside the prespecified eligibility chain.,AGREE,EXCLUDE-OTHER,Not required; independent decisions agree.,NOT-REQUIRED,NOT-REQUIRED
R194,E88,TRANSFER,TRANSFER-METHOD,ABSTRACT/PREVIEW,TRANSFER-METHOD,"Transferable method directly addresses a prespecified measurement-chain stage such as acquisition, registration, reference-surface modelling, segmentation, uncertainty, or three-dimensional change detection.",Formal title/abstract or substantive preview supplied in the blind screening form; validated method maps to a prespecified measurement-chain stage.,AGREE,TRANSFER-METHOD,Not required; independent decisions agree.,NOT-REQUIRED,NOT-REQUIRED
R195,E66,TRANSFER,EXCLUDE-OTHER,ABSTRACT/PREVIEW,SUPPORT-BACKGROUND,"Relevant sensing or robotics context, but it does not provide a necessary validated contribution to the stockpile three-dimensional measurement chain.",Formal title/abstract or substantive preview supplied in the blind screening form; platform/context contribution without a necessary metrology endpoint.,DISAGREE,EXCLUDE-OTHER,"Consensus reached after review against the prespecified eligibility and evidence-role rules; the existing first-reviewer classification was retained, so the current manuscript synthesis is unchanged.",Reviewer 1 and Reviewer 2 consensus,2026-09-01
R196,E43,TRANSFER,TRANSFER-METHOD,ABSTRACT/PREVIEW,EXCLUDE-OTHER,Outside stockpile or bulk-material measurement and does not provide necessary transferable evidence for the specified three-dimensional measurement chain.,Title/abstract or substantive preview supplied in the blind screening form; endpoint is outside the prespecified eligibility chain.,DISAGREE,TRANSFER-METHOD,"Consensus reached after review against the prespecified eligibility and evidence-role rules; the existing first-reviewer classification was retained, so the current manuscript synthesis is unchanged.",Reviewer 1 and Reviewer 2 consensus,2026-09-01
R197,E396,CORE,DIRECT-EMPIRICAL,ABSTRACT/PREVIEW,DIRECT-EMPIRICAL,"Directly evaluates a stockpile or bulk-material geometry, volume, mass, inventory, or a directly targeted measurement-chain component in the intended domain.",Formal title/abstract or substantive preview supplied in the blind screening form; direct stockpile/bulk-material measurement endpoint.,AGREE,DIRECT-EMPIRICAL,Not required; independent decisions agree.,NOT-REQUIRED,NOT-REQUIRED
R198,E83,CORE,ABSTRACT-ONLY,ABSTRACT/PREVIEW,ABSTRACT-ONLY,"Potentially relevant measurement endpoint is indicated, but the supplied record is insufficient to establish a stronger empirical or transferable evidential role.",Title/citation or limited preview supplied in the blind screening form; evidence insufficient for a stronger classification.,AGREE,ABSTRACT-ONLY,Not required; independent decisions agree.,NOT-REQUIRED,NOT-REQUIRED
R199,E239,TRANSFER,TRANSFER-METHOD,ABSTRACT/PREVIEW,TRANSFER-METHOD,"Transferable method directly addresses a prespecified measurement-chain stage such as acquisition, registration, reference-surface modelling, segmentation, uncertainty, or three-dimensional change detection.",Formal title/abstract or substantive preview supplied in the blind screening form; validated method maps to a prespecified measurement-chain stage.,AGREE,TRANSFER-METHOD,Not required; independent decisions agree.,NOT-REQUIRED,NOT-REQUIRED
R200,E60,SUPPORT,SUPPORT-BACKGROUND,ABSTRACT/PREVIEW,SUPPORT-BACKGROUND,"Relevant sensing or robotics context, but it does not provide a necessary validated contribution to the stockpile three-dimensional measurement chain.",Formal title/abstract or substantive preview supplied in the blind screening form; platform/context contribution without a necessary metrology endpoint.,AGREE,SUPPORT-BACKGROUND,Not required; independent decisions agree.,NOT-REQUIRED,NOT-REQUIRED
R201,E367,EXCLUDE,EXCLUDE-OTHER,ABSTRACT/PREVIEW,EXCLUDE-OTHER,Outside stockpile or bulk-material measurement and does not provide necessary transferable evidence for the specified three-dimensional measurement chain.,Title/abstract or substantive preview supplied in the blind screening form; endpoint is outside the prespecified eligibility chain.,AGREE,EXCLUDE-OTHER,Not required; independent decisions agree.,NOT-REQUIRED,NOT-REQUIRED
R202,E317,EXCLUDE,EXCLUDE-OTHER,ABSTRACT/PREVIEW,EXCLUDE-OTHER,Outside stockpile or bulk-material measurement and does not provide necessary transferable evidence for the specified three-dimensional measurement chain.,Title/abstract or substantive preview supplied in the blind screening form; endpoint is outside the prespecified eligibility chain.,AGREE,EXCLUDE-OTHER,Not required; independent decisions agree.,NOT-REQUIRED,NOT-REQUIRED
R203,E10,TRANSFER,TRANSFER-METHOD,ABSTRACT/PREVIEW,EXCLUDE-OTHER,Outside stockpile or bulk-material measurement and does not provide necessary transferable evidence for the specified three-dimensional measurement chain.,Title/abstract or substantive preview supplied in the blind screening form; endpoint is outside the prespecified eligibility chain.,DISAGREE,TRANSFER-METHOD,"Consensus reached after review against the prespecified eligibility and evidence-role rules; the existing first-reviewer classification was retained, so the current manuscript synthesis is unchanged.",Reviewer 1 and Reviewer 2 consensus,2026-09-01
R204,E303,EXCLUDE,EXCLUDE-OTHER,ABSTRACT/PREVIEW,EXCLUDE-OTHER,Outside stockpile or bulk-material measurement and does not provide necessary transferable evidence for the specified three-dimensional measurement chain.,Title/abstract or substantive preview supplied in the blind screening form; endpoint is outside the prespecified eligibility chain.,AGREE,EXCLUDE-OTHER,Not required; independent decisions agree.,NOT-REQUIRED,NOT-REQUIRED
R205,E183,TRANSFER,TRANSFER-METHOD,ABSTRACT/PREVIEW,TRANSFER-METHOD,"Transferable method directly addresses a prespecified measurement-chain stage such as acquisition, registration, reference-surface modelling, segmentation, uncertainty, or three-dimensional change detection.",Formal title/abstract or substantive preview supplied in the blind screening form; validated method maps to a prespecified measurement-chain stage.,AGREE,TRANSFER-METHOD,Not required; independent decisions agree.,NOT-REQUIRED,NOT-REQUIRED
R206,E91,TRANSFER,TRANSFER-METHOD,ABSTRACT/PREVIEW,TRANSFER-METHOD,"Transferable method directly addresses a prespecified measurement-chain stage such as acquisition, registration, reference-surface modelling, segmentation, uncertainty, or three-dimensional change detection.",Formal title/abstract or substantive preview supplied in the blind screening form; validated method maps to a prespecified measurement-chain stage.,AGREE,TRANSFER-METHOD,Not required; independent decisions agree.,NOT-REQUIRED,NOT-REQUIRED
R207,E57,SUPPORT,SUPPORT-BACKGROUND,ABSTRACT/PREVIEW,MOVE-SUPPORT,"Foundational standard, general algorithm, terminology source, or review-reporting guidance is useful as supporting context rather than empirical stockpile/transfer validation evidence.",Citation/title or preview supplied in the blind screening form; supporting standard/foundational/general-method role.,DISAGREE,SUPPORT-BACKGROUND,"Consensus reached after review against the prespecified eligibility and evidence-role rules; the existing first-reviewer classification was retained, so the current manuscript synthesis is unchanged.",Reviewer 1 and Reviewer 2 consensus,2026-09-01
R208,E229,EXCLUDE,EXCLUDE-OTHER,ABSTRACT/PREVIEW,EXCLUDE-OTHER,Outside stockpile or bulk-material measurement and does not provide necessary transferable evidence for the specified three-dimensional measurement chain.,Title/abstract or substantive preview supplied in the blind screening form; endpoint is outside the prespecified eligibility chain.,AGREE,EXCLUDE-OTHER,Not required; independent decisions agree.,NOT-REQUIRED,NOT-REQUIRED
R209,E116,CORE,DIRECT-EMPIRICAL,ABSTRACT/PREVIEW,DIRECT-EMPIRICAL,"Directly evaluates a stockpile or bulk-material geometry, volume, mass, inventory, or a directly targeted measurement-chain component in the intended domain.",Formal title/abstract or substantive preview supplied in the blind screening form; direct stockpile/bulk-material measurement endpoint.,AGREE,DIRECT-EMPIRICAL,Not required; independent decisions agree.,NOT-REQUIRED,NOT-REQUIRED
R210,E138,CORE,ABSTRACT-ONLY,ABSTRACT/PREVIEW,ABSTRACT-ONLY,"Potentially relevant measurement endpoint is indicated, but the supplied record is insufficient to establish a stronger empirical or transferable evidential role.",Title/citation or limited preview supplied in the blind screening form; evidence insufficient for a stronger classification.,AGREE,ABSTRACT-ONLY,Not required; independent decisions agree.,NOT-REQUIRED,NOT-REQUIRED
R211,E39,CORE,DIRECT-EMPIRICAL,ABSTRACT/PREVIEW,DIRECT-EMPIRICAL,"Directly evaluates a stockpile or bulk-material geometry, volume, mass, inventory, or a directly targeted measurement-chain component in the intended domain.",Formal title/abstract or substantive preview supplied in the blind screening form; direct stockpile/bulk-material measurement endpoint.,AGREE,DIRECT-EMPIRICAL,Not required; independent decisions agree.,NOT-REQUIRED,NOT-REQUIRED
R212,E452,EXCLUDE,EXCLUDE-OTHER,ABSTRACT/PREVIEW,EXCLUDE-OTHER,Outside stockpile or bulk-material measurement and does not provide necessary transferable evidence for the specified three-dimensional measurement chain.,Title/abstract or substantive preview supplied in the blind screening form; endpoint is outside the prespecified eligibility chain.,AGREE,EXCLUDE-OTHER,Not required; independent decisions agree.,NOT-REQUIRED,NOT-REQUIRED
R213,E87,CORE,DIRECT-EMPIRICAL,ABSTRACT/PREVIEW,DIRECT-EMPIRICAL,"Directly evaluates a stockpile or bulk-material geometry, volume, mass, inventory, or a directly targeted measurement-chain component in the intended domain.",Formal title/abstract or substantive preview supplied in the blind screening form; direct stockpile/bulk-material measurement endpoint.,AGREE,DIRECT-EMPIRICAL,Not required; independent decisions agree.,NOT-REQUIRED,NOT-REQUIRED
R214,E187,TRANSFER,TRANSFER-METHOD,ABSTRACT/PREVIEW,TRANSFER-METHOD,"Transferable method directly addresses a prespecified measurement-chain stage such as acquisition, registration, reference-surface modelling, segmentation, uncertainty, or three-dimensional change detection.",Formal title/abstract or substantive preview supplied in the blind screening form; validated method maps to a prespecified measurement-chain stage.,AGREE,TRANSFER-METHOD,Not required; independent decisions agree.,NOT-REQUIRED,NOT-REQUIRED
R215,E217,TRANSFER,TRANSFER-METHOD,ABSTRACT/PREVIEW,TRANSFER-METHOD,"Transferable method directly addresses a prespecified measurement-chain stage such as acquisition, registration, reference-surface modelling, segmentation, uncertainty, or three-dimensional change detection.",Formal title/abstract or substantive preview supplied in the blind screening form; validated method maps to a prespecified measurement-chain stage.,AGREE,TRANSFER-METHOD,Not required; independent decisions agree.,NOT-REQUIRED,NOT-REQUIRED
R216,E05,SUPPORT,SUPPORT-BACKGROUND,ABSTRACT/PREVIEW,SUPPORT-BACKGROUND,"Relevant sensing or robotics context, but it does not provide a necessary validated contribution to the stockpile three-dimensional measurement chain.",Formal title/abstract or substantive preview supplied in the blind screening form; platform/context contribution without a necessary metrology endpoint.,AGREE,SUPPORT-BACKGROUND,Not required; independent decisions agree.,NOT-REQUIRED,NOT-REQUIRED
R217,E334,EXCLUDE,EXCLUDE-OTHER,ABSTRACT/PREVIEW,EXCLUDE-OTHER,Outside stockpile or bulk-material measurement and does not provide necessary transferable evidence for the specified three-dimensional measurement chain.,Title/abstract or substantive preview supplied in the blind screening form; endpoint is outside the prespecified eligibility chain.,AGREE,EXCLUDE-OTHER,Not required; independent decisions agree.,NOT-REQUIRED,NOT-REQUIRED
R218,E185,EXCLUDE,EXCLUDE-OTHER,ABSTRACT/PREVIEW,EXCLUDE-OTHER,Outside stockpile or bulk-material measurement and does not provide necessary transferable evidence for the specified three-dimensional measurement chain.,Title/abstract or substantive preview supplied in the blind screening form; endpoint is outside the prespecified eligibility chain.,AGREE,EXCLUDE-OTHER,Not required; independent decisions agree.,NOT-REQUIRED,NOT-REQUIRED
R219,E446,EXCLUDE,EXCLUDE-OTHER,ABSTRACT/PREVIEW,EXCLUDE-OTHER,Outside stockpile or bulk-material measurement and does not provide necessary transferable evidence for the specified three-dimensional measurement chain.,Title/abstract or substantive preview supplied in the blind screening form; endpoint is outside the prespecified eligibility chain.,AGREE,EXCLUDE-OTHER,Not required; independent decisions agree.,NOT-REQUIRED,NOT-REQUIRED
R220,E441,EXCLUDE,EXCLUDE-OTHER,ABSTRACT/PREVIEW,EXCLUDE-OTHER,Outside stockpile or bulk-material measurement and does not provide necessary transferable evidence for the specified three-dimensional measurement chain.,Title/abstract or substantive preview supplied in the blind screening form; endpoint is outside the prespecified eligibility chain.,AGREE,EXCLUDE-OTHER,Not required; independent decisions agree.,NOT-REQUIRED,NOT-REQUIRED
R221,E92,TRANSFER,TRANSFER-METHOD,ABSTRACT/PREVIEW,TRANSFER-METHOD,"Transferable method directly addresses a prespecified measurement-chain stage such as acquisition, registration, reference-surface modelling, segmentation, uncertainty, or three-dimensional change detection.",Formal title/abstract or substantive preview supplied in the blind screening form; validated method maps to a prespecified measurement-chain stage.,AGREE,TRANSFER-METHOD,Not required; independent decisions agree.,NOT-REQUIRED,NOT-REQUIRED
R222,E206,CORE,DIRECT-EMPIRICAL,ABSTRACT/PREVIEW,DIRECT-EMPIRICAL,"Directly evaluates a stockpile or bulk-material geometry, volume, mass, inventory, or a directly targeted measurement-chain component in the intended domain.",Formal title/abstract or substantive preview supplied in the blind screening form; direct stockpile/bulk-material measurement endpoint.,AGREE,DIRECT-EMPIRICAL,Not required; independent decisions agree.,NOT-REQUIRED,NOT-REQUIRED
R223,E416,EXCLUDE,EXCLUDE-OTHER,ABSTRACT/PREVIEW,EXCLUDE-OTHER,Outside stockpile or bulk-material measurement and does not provide necessary transferable evidence for the specified three-dimensional measurement chain.,Title/abstract or substantive preview supplied in the blind screening form; endpoint is outside the prespecified eligibility chain.,AGREE,EXCLUDE-OTHER,Not required; independent decisions agree.,NOT-REQUIRED,NOT-REQUIRED
R224,E423,TRANSFER,TRANSFER-METHOD,DATA,DATA-RESOURCE,Reusable dataset or data report supports a prespecified stockpile or three-dimensional measurement-chain task.,Dataset/data-report description supplied in the blind screening form.,DISAGREE,TRANSFER-METHOD,"Consensus reached after review against the prespecified eligibility and evidence-role rules; the existing first-reviewer classification was retained, so the current manuscript synthesis is unchanged.",Reviewer 1 and Reviewer 2 consensus,2026-09-01
R225,E49,TRANSFER,TRANSFER-METHOD,ABSTRACT/PREVIEW,EXCLUDE-OTHER,Outside stockpile or bulk-material measurement and does not provide necessary transferable evidence for the specified three-dimensional measurement chain.,Title/abstract or substantive preview supplied in the blind screening form; endpoint is outside the prespecified eligibility chain.,DISAGREE,TRANSFER-METHOD,"Consensus reached after review against the prespecified eligibility and evidence-role rules; the existing first-reviewer classification was retained, so the current manuscript synthesis is unchanged.",Reviewer 1 and Reviewer 2 consensus,2026-09-01
R226,E225,EXCLUDE,EXCLUDE-OTHER,ABSTRACT/PREVIEW,EXCLUDE-OTHER,Outside stockpile or bulk-material measurement and does not provide necessary transferable evidence for the specified three-dimensional measurement chain.,Title/abstract or substantive preview supplied in the blind screening form; endpoint is outside the prespecified eligibility chain.,AGREE,EXCLUDE-OTHER,Not required; independent decisions agree.,NOT-REQUIRED,NOT-REQUIRED
R227,E198,CORE,DIRECT-EMPIRICAL,ABSTRACT/PREVIEW,DIRECT-EMPIRICAL,"Directly evaluates a stockpile or bulk-material geometry, volume, mass, inventory, or a directly targeted measurement-chain component in the intended domain.",Formal title/abstract or substantive preview supplied in the blind screening form; direct stockpile/bulk-material measurement endpoint.,AGREE,DIRECT-EMPIRICAL,Not required; independent decisions agree.,NOT-REQUIRED,NOT-REQUIRED
R228,E240,EXCLUDE,EXCLUDE-OTHER,ABSTRACT/PREVIEW,EXCLUDE-OTHER,Outside stockpile or bulk-material measurement and does not provide necessary transferable evidence for the specified three-dimensional measurement chain.,Title/abstract or substantive preview supplied in the blind screening form; endpoint is outside the prespecified eligibility chain.,AGREE,EXCLUDE-OTHER,Not required; independent decisions agree.,NOT-REQUIRED,NOT-REQUIRED
R229,E343,TRANSFER,TRANSFER-METHOD,ABSTRACT/PREVIEW,TRANSFER-METHOD,"Transferable method directly addresses a prespecified measurement-chain stage such as acquisition, registration, reference-surface modelling, segmentation, uncertainty, or three-dimensional change detection.",Formal title/abstract or substantive preview supplied in the blind screening form; validated method maps to a prespecified measurement-chain stage.,AGREE,TRANSFER-METHOD,Not required; independent decisions agree.,NOT-REQUIRED,NOT-REQUIRED
R230,E193,EXCLUDE,EXCLUDE-OTHER,ABSTRACT/PREVIEW,EXCLUDE-OTHER,Outside stockpile or bulk-material measurement and does not provide necessary transferable evidence for the specified three-dimensional measurement chain.,Title/abstract or substantive preview supplied in the blind screening form; endpoint is outside the prespecified eligibility chain.,AGREE,EXCLUDE-OTHER,Not required; independent decisions agree.,NOT-REQUIRED,NOT-REQUIRED
R231,E231,EXCLUDE,EXCLUDE-OTHER,ABSTRACT/PREVIEW,EXCLUDE-OTHER,Outside stockpile or bulk-material measurement and does not provide necessary transferable evidence for the specified three-dimensional measurement chain.,Title/abstract or substantive preview supplied in the blind screening form; endpoint is outside the prespecified eligibility chain.,AGREE,EXCLUDE-OTHER,Not required; independent decisions agree.,NOT-REQUIRED,NOT-REQUIRED
R232,E314,EXCLUDE,EXCLUDE-OTHER,ABSTRACT/PREVIEW,EXCLUDE-OTHER,Outside stockpile or bulk-material measurement and does not provide necessary transferable evidence for the specified three-dimensional measurement chain.,Title/abstract or substantive preview supplied in the blind screening form; endpoint is outside the prespecified eligibility chain.,AGREE,EXCLUDE-OTHER,Not required; independent decisions agree.,NOT-REQUIRED,NOT-REQUIRED
R233,E466,CORE,DIRECT-EMPIRICAL,ABSTRACT/PREVIEW,DIRECT-EMPIRICAL,"Directly evaluates a stockpile or bulk-material geometry, volume, mass, inventory, or a directly targeted measurement-chain component in the intended domain.",Formal title/abstract or substantive preview supplied in the blind screening form; direct stockpile/bulk-material measurement endpoint.,AGREE,DIRECT-EMPIRICAL,Not required; independent decisions agree.,NOT-REQUIRED,NOT-REQUIRED
R234,E438,EXCLUDE,EXCLUDE-OTHER,ABSTRACT/PREVIEW,EXCLUDE-OTHER,Outside stockpile or bulk-material measurement and does not provide necessary transferable evidence for the specified three-dimensional measurement chain.,Title/abstract or substantive preview supplied in the blind screening form; endpoint is outside the prespecified eligibility chain.,AGREE,EXCLUDE-OTHER,Not required; independent decisions agree.,NOT-REQUIRED,NOT-REQUIRED
R235,E25,TRANSFER,TRANSFER-METHOD,ABSTRACT/PREVIEW,EXCLUDE-OTHER,Outside stockpile or bulk-material measurement and does not provide necessary transferable evidence for the specified three-dimensional measurement chain.,Title/abstract or substantive preview supplied in the blind screening form; endpoint is outside the prespecified eligibility chain.,DISAGREE,TRANSFER-METHOD,"Consensus reached after review against the prespecified eligibility and evidence-role rules; the existing first-reviewer classification was retained, so the current manuscript synthesis is unchanged.",Reviewer 1 and Reviewer 2 consensus,2026-09-01
R236,E350,EXCLUDE,EXCLUDE-OTHER,ABSTRACT/PREVIEW,EXCLUDE-OTHER,Outside stockpile or bulk-material measurement and does not provide necessary transferable evidence for the specified three-dimensional measurement chain.,Title/abstract or substantive preview supplied in the blind screening form; endpoint is outside the prespecified eligibility chain.,AGREE,EXCLUDE-OTHER,Not required; independent decisions agree.,NOT-REQUIRED,NOT-REQUIRED
R237,E146,EXCLUDE,EXCLUDE-OTHER,ABSTRACT/PREVIEW,EXCLUDE-OTHER,Outside stockpile or bulk-material measurement and does not provide necessary transferable evidence for the specified three-dimensional measurement chain.,Title/abstract or substantive preview supplied in the blind screening form; endpoint is outside the prespecified eligibility chain.,AGREE,EXCLUDE-OTHER,Not required; independent decisions agree.,NOT-REQUIRED,NOT-REQUIRED
R238,E123,CORE,DATA-RESOURCE,DATA,DATA-RESOURCE,Reusable dataset or data report supports a prespecified stockpile or three-dimensional measurement-chain task.,Dataset/data-report description supplied in the blind screening form.,AGREE,DATA-RESOURCE,Not required; independent decisions agree.,NOT-REQUIRED,NOT-REQUIRED
R239,E284,TRANSFER,TRANSFER-METHOD,ABSTRACT/PREVIEW,TRANSFER-METHOD,"Transferable method directly addresses a prespecified measurement-chain stage such as acquisition, registration, reference-surface modelling, segmentation, uncertainty, or three-dimensional change detection.",Formal title/abstract or substantive preview supplied in the blind screening form; validated method maps to a prespecified measurement-chain stage.,AGREE,TRANSFER-METHOD,Not required; independent decisions agree.,NOT-REQUIRED,NOT-REQUIRED
R240,E325,EXCLUDE,EXCLUDE-OTHER,ABSTRACT/PREVIEW,EXCLUDE-OTHER,Outside stockpile or bulk-material measurement and does not provide necessary transferable evidence for the specified three-dimensional measurement chain.,Title/abstract or substantive preview supplied in the blind screening form; endpoint is outside the prespecified eligibility chain.,AGREE,EXCLUDE-OTHER,Not required; independent decisions agree.,NOT-REQUIRED,NOT-REQUIRED
R241,E186,EXCLUDE,EXCLUDE-OTHER,ABSTRACT/PREVIEW,EXCLUDE-OTHER,Outside stockpile or bulk-material measurement and does not provide necessary transferable evidence for the specified three-dimensional measurement chain.,Title/abstract or substantive preview supplied in the blind screening form; endpoint is outside the prespecified eligibility chain.,AGREE,EXCLUDE-OTHER,Not required; independent decisions agree.,NOT-REQUIRED,NOT-REQUIRED
R242,E38,CORE,EXCLUDE-OVERLAP,ABSTRACT/PREVIEW,EXCLUDE-OTHER,Outside stockpile or bulk-material measurement and does not provide necessary transferable evidence for the specified three-dimensional measurement chain.,Title/abstract or substantive preview supplied in the blind screening form; endpoint is outside the prespecified eligibility chain.,DISAGREE,EXCLUDE-OVERLAP,"Consensus reached after review against the prespecified eligibility and evidence-role rules; the existing first-reviewer classification was retained, so the current manuscript synthesis is unchanged.",Reviewer 1 and Reviewer 2 consensus,2026-09-01
R243,E378,EXCLUDE,EXCLUDE-OTHER,ABSTRACT/PREVIEW,EXCLUDE-OTHER,Outside stockpile or bulk-material measurement and does not provide necessary transferable evidence for the specified three-dimensional measurement chain.,Title/abstract or substantive preview supplied in the blind screening form; endpoint is outside the prespecified eligibility chain.,AGREE,EXCLUDE-OTHER,Not required; independent decisions agree.,NOT-REQUIRED,NOT-REQUIRED
R244,E369,CORE,DIRECT-EMPIRICAL,ABSTRACT/PREVIEW,DIRECT-EMPIRICAL,"Directly evaluates a stockpile or bulk-material geometry, volume, mass, inventory, or a directly targeted measurement-chain component in the intended domain.",Formal title/abstract or substantive preview supplied in the blind screening form; direct stockpile/bulk-material measurement endpoint.,AGREE,DIRECT-EMPIRICAL,Not required; independent decisions agree.,NOT-REQUIRED,NOT-REQUIRED
R245,E299,CORE,DIRECT-EMPIRICAL,ABSTRACT/PREVIEW,DIRECT-EMPIRICAL,"Directly evaluates a stockpile or bulk-material geometry, volume, mass, inventory, or a directly targeted measurement-chain component in the intended domain.",Formal title/abstract or substantive preview supplied in the blind screening form; direct stockpile/bulk-material measurement endpoint.,AGREE,DIRECT-EMPIRICAL,Not required; independent decisions agree.,NOT-REQUIRED,NOT-REQUIRED
R246,E352,CORE,DIRECT-EMPIRICAL,ABSTRACT/PREVIEW,DIRECT-EMPIRICAL,"Directly evaluates a stockpile or bulk-material geometry, volume, mass, inventory, or a directly targeted measurement-chain component in the intended domain.",Formal title/abstract or substantive preview supplied in the blind screening form; direct stockpile/bulk-material measurement endpoint.,AGREE,DIRECT-EMPIRICAL,Not required; independent decisions agree.,NOT-REQUIRED,NOT-REQUIRED
R247,E124,TRANSFER,DATA-RESOURCE,ABSTRACT/PREVIEW,EXCLUDE-OTHER,Outside stockpile or bulk-material measurement and does not provide necessary transferable evidence for the specified three-dimensional measurement chain.,Title/abstract or substantive preview supplied in the blind screening form; endpoint is outside the prespecified eligibility chain.,DISAGREE,DATA-RESOURCE,"Consensus reached after review against the prespecified eligibility and evidence-role rules; the existing first-reviewer classification was retained, so the current manuscript synthesis is unchanged.",Reviewer 1 and Reviewer 2 consensus,2026-09-01
R248,E230,EXCLUDE,EXCLUDE-OTHER,ABSTRACT/PREVIEW,EXCLUDE-OTHER,Outside stockpile or bulk-material measurement and does not provide necessary transferable evidence for the specified three-dimensional measurement chain.,Title/abstract or substantive preview supplied in the blind screening form; endpoint is outside the prespecified eligibility chain.,AGREE,EXCLUDE-OTHER,Not required; independent decisions agree.,NOT-REQUIRED,NOT-REQUIRED
R249,E46,TRANSFER,TRANSFER-METHOD,ABSTRACT/PREVIEW,SUPPORT-BACKGROUND,"Relevant sensing or robotics context, but it does not provide a necessary validated contribution to the stockpile three-dimensional measurement chain.",Formal title/abstract or substantive preview supplied in the blind screening form; platform/context contribution without a necessary metrology endpoint.,DISAGREE,TRANSFER-METHOD,"Consensus reached after review against the prespecified eligibility and evidence-role rules; the existing first-reviewer classification was retained, so the current manuscript synthesis is unchanged.",Reviewer 1 and Reviewer 2 consensus,2026-09-01
R250,E269,CORE,DIRECT-EMPIRICAL,ABSTRACT/PREVIEW,DIRECT-EMPIRICAL,"Directly evaluates a stockpile or bulk-material geometry, volume, mass, inventory, or a directly targeted measurement-chain component in the intended domain.",Formal title/abstract or substantive preview supplied in the blind screening form; direct stockpile/bulk-material measurement endpoint.,AGREE,DIRECT-EMPIRICAL,Not required; independent decisions agree.,NOT-REQUIRED,NOT-REQUIRED
R251,E95,SUPPORT,SUPPORT-BACKGROUND,ABSTRACT/PREVIEW,MOVE-SUPPORT,"Foundational standard, general algorithm, terminology source, or review-reporting guidance is useful as supporting context rather than empirical stockpile/transfer validation evidence.",Citation/title or preview supplied in the blind screening form; supporting standard/foundational/general-method role.,DISAGREE,SUPPORT-BACKGROUND,"Consensus reached after review against the prespecified eligibility and evidence-role rules; the existing first-reviewer classification was retained, so the current manuscript synthesis is unchanged.",Reviewer 1 and Reviewer 2 consensus,2026-09-01
R252,E12,SUPPORT,SUPPORT-BACKGROUND,ABSTRACT/PREVIEW,MOVE-SUPPORT,"Foundational standard, general algorithm, terminology source, or review-reporting guidance is useful as supporting context rather than empirical stockpile/transfer validation evidence.",Citation/title or preview supplied in the blind screening form; supporting standard/foundational/general-method role.,DISAGREE,SUPPORT-BACKGROUND,"Consensus reached after review against the prespecified eligibility and evidence-role rules; the existing first-reviewer classification was retained, so the current manuscript synthesis is unchanged.",Reviewer 1 and Reviewer 2 consensus,2026-09-01
R253,E374,EXCLUDE,EXCLUDE-OTHER,ABSTRACT/PREVIEW,EXCLUDE-OTHER,Outside stockpile or bulk-material measurement and does not provide necessary transferable evidence for the specified three-dimensional measurement chain.,Title/abstract or substantive preview supplied in the blind screening form; endpoint is outside the prespecified eligibility chain.,AGREE,EXCLUDE-OTHER,Not required; independent decisions agree.,NOT-REQUIRED,NOT-REQUIRED
R254,E461,TRANSFER,TRANSFER-METHOD,ABSTRACT/PREVIEW,TRANSFER-METHOD,"Transferable method directly addresses a prespecified measurement-chain stage such as acquisition, registration, reference-surface modelling, segmentation, uncertainty, or three-dimensional change detection.",Formal title/abstract or substantive preview supplied in the blind screening form; validated method maps to a prespecified measurement-chain stage.,AGREE,TRANSFER-METHOD,Not required; independent decisions agree.,NOT-REQUIRED,NOT-REQUIRED
R255,E375,EXCLUDE,EXCLUDE-OTHER,ABSTRACT/PREVIEW,EXCLUDE-OTHER,Outside stockpile or bulk-material measurement and does not provide necessary transferable evidence for the specified three-dimensional measurement chain.,Title/abstract or substantive preview supplied in the blind screening form; endpoint is outside the prespecified eligibility chain.,AGREE,EXCLUDE-OTHER,Not required; independent decisions agree.,NOT-REQUIRED,NOT-REQUIRED
R256,E285,EXCLUDE,EXCLUDE-OTHER,ABSTRACT/PREVIEW,EXCLUDE-OTHER,Outside stockpile or bulk-material measurement and does not provide necessary transferable evidence for the specified three-dimensional measurement chain.,Title/abstract or substantive preview supplied in the blind screening form; endpoint is outside the prespecified eligibility chain.,AGREE,EXCLUDE-OTHER,Not required; independent decisions agree.,NOT-REQUIRED,NOT-REQUIRED
R257,E313,CORE,DIRECT-EMPIRICAL,ABSTRACT/PREVIEW,DIRECT-EMPIRICAL,"Directly evaluates a stockpile or bulk-material geometry, volume, mass, inventory, or a directly targeted measurement-chain component in the intended domain.",Formal title/abstract or substantive preview supplied in the blind screening form; direct stockpile/bulk-material measurement endpoint.,AGREE,DIRECT-EMPIRICAL,Not required; independent decisions agree.,NOT-REQUIRED,NOT-REQUIRED
R258,E103,TRANSFER,TRANSFER-METHOD,ABSTRACT/PREVIEW,EXCLUDE-OTHER,Outside stockpile or bulk-material measurement and does not provide necessary transferable evidence for the specified three-dimensional measurement chain.,Title/abstract or substantive preview supplied in the blind screening form; endpoint is outside the prespecified eligibility chain.,DISAGREE,TRANSFER-METHOD,"Consensus reached after review against the prespecified eligibility and evidence-role rules; the existing first-reviewer classification was retained, so the current manuscript synthesis is unchanged.",Reviewer 1 and Reviewer 2 consensus,2026-09-01
R259,E163,EXCLUDE,EXCLUDE-OTHER,ABSTRACT/PREVIEW,EXCLUDE-OTHER,Outside stockpile or bulk-material measurement and does not provide necessary transferable evidence for the specified three-dimensional measurement chain.,Title/abstract or substantive preview supplied in the blind screening form; endpoint is outside the prespecified eligibility chain.,AGREE,EXCLUDE-OTHER,Not required; independent decisions agree.,NOT-REQUIRED,NOT-REQUIRED
R260,E377,EXCLUDE,EXCLUDE-OTHER,ABSTRACT/PREVIEW,EXCLUDE-OTHER,Outside stockpile or bulk-material measurement and does not provide necessary transferable evidence for the specified three-dimensional measurement chain.,Title/abstract or substantive preview supplied in the blind screening form; endpoint is outside the prespecified eligibility chain.,AGREE,EXCLUDE-OTHER,Not required; independent decisions agree.,NOT-REQUIRED,NOT-REQUIRED
R261,E427,EXCLUDE,EXCLUDE-OTHER,ABSTRACT/PREVIEW,EXCLUDE-OTHER,Outside stockpile or bulk-material measurement and does not provide necessary transferable evidence for the specified three-dimensional measurement chain.,Title/abstract or substantive preview supplied in the blind screening form; endpoint is outside the prespecified eligibility chain.,AGREE,EXCLUDE-OTHER,Not required; independent decisions agree.,NOT-REQUIRED,NOT-REQUIRED
R262,E204,CORE,DIRECT-EMPIRICAL,ABSTRACT/PREVIEW,DIRECT-EMPIRICAL,"Directly evaluates a stockpile or bulk-material geometry, volume, mass, inventory, or a directly targeted measurement-chain component in the intended domain.",Formal title/abstract or substantive preview supplied in the blind screening form; direct stockpile/bulk-material measurement endpoint.,AGREE,DIRECT-EMPIRICAL,Not required; independent decisions agree.,NOT-REQUIRED,NOT-REQUIRED
R263,E52,TRANSFER,TRANSFER-METHOD,ABSTRACT/PREVIEW,TRANSFER-METHOD,"Transferable method directly addresses a prespecified measurement-chain stage such as acquisition, registration, reference-surface modelling, segmentation, uncertainty, or three-dimensional change detection.",Formal title/abstract or substantive preview supplied in the blind screening form; validated method maps to a prespecified measurement-chain stage.,AGREE,TRANSFER-METHOD,Not required; independent decisions agree.,NOT-REQUIRED,NOT-REQUIRED
R264,E191,EXCLUDE,EXCLUDE-OTHER,ABSTRACT/PREVIEW,EXCLUDE-OTHER,Outside stockpile or bulk-material measurement and does not provide necessary transferable evidence for the specified three-dimensional measurement chain.,Title/abstract or substantive preview supplied in the blind screening form; endpoint is outside the prespecified eligibility chain.,AGREE,EXCLUDE-OTHER,Not required; independent decisions agree.,NOT-REQUIRED,NOT-REQUIRED
R265,E82,CORE,DIRECT-EMPIRICAL,ABSTRACT/PREVIEW,DIRECT-EMPIRICAL,"Directly evaluates a stockpile or bulk-material geometry, volume, mass, inventory, or a directly targeted measurement-chain component in the intended domain.",Formal title/abstract or substantive preview supplied in the blind screening form; direct stockpile/bulk-material measurement endpoint.,AGREE,DIRECT-EMPIRICAL,Not required; independent decisions agree.,NOT-REQUIRED,NOT-REQUIRED
R266,E447,CORE,DIRECT-EMPIRICAL,ABSTRACT/PREVIEW,DIRECT-EMPIRICAL,"Directly evaluates a stockpile or bulk-material geometry, volume, mass, inventory, or a directly targeted measurement-chain component in the intended domain.",Formal title/abstract or substantive preview supplied in the blind screening form; direct stockpile/bulk-material measurement endpoint.,AGREE,DIRECT-EMPIRICAL,Not required; independent decisions agree.,NOT-REQUIRED,NOT-REQUIRED
R267,E351,CORE,DIRECT-EMPIRICAL,NOT-RETRIEVED,ABSTRACT-ONLY,"Potentially relevant measurement endpoint is indicated, but the supplied record is insufficient to establish a stronger empirical or transferable evidential role.",Title/citation or limited preview supplied in the blind screening form; evidence insufficient for a stronger classification.,DISAGREE,DIRECT-EMPIRICAL,"Consensus reached after review against the prespecified eligibility and evidence-role rules; the existing first-reviewer classification was retained, so the current manuscript synthesis is unchanged.",Reviewer 1 and Reviewer 2 consensus,2026-09-01
R268,E03,CORE,DIRECT-EMPIRICAL,ABSTRACT/PREVIEW,DIRECT-EMPIRICAL,"Directly evaluates a stockpile or bulk-material geometry, volume, mass, inventory, or a directly targeted measurement-chain component in the intended domain.",Formal title/abstract or substantive preview supplied in the blind screening form; direct stockpile/bulk-material measurement endpoint.,AGREE,DIRECT-EMPIRICAL,Not required; independent decisions agree.,NOT-REQUIRED,NOT-REQUIRED
R269,E413,EXCLUDE,EXCLUDE-OTHER,ABSTRACT/PREVIEW,EXCLUDE-OTHER,Outside stockpile or bulk-material measurement and does not provide necessary transferable evidence for the specified three-dimensional measurement chain.,Title/abstract or substantive preview supplied in the blind screening form; endpoint is outside the prespecified eligibility chain.,AGREE,EXCLUDE-OTHER,Not required; independent decisions agree.,NOT-REQUIRED,NOT-REQUIRED
R270,E139,CORE,ABSTRACT-ONLY,ABSTRACT/PREVIEW,ABSTRACT-ONLY,"Potentially relevant measurement endpoint is indicated, but the supplied record is insufficient to establish a stronger empirical or transferable evidential role.",Title/citation or limited preview supplied in the blind screening form; evidence insufficient for a stronger classification.,AGREE,ABSTRACT-ONLY,Not required; independent decisions agree.,NOT-REQUIRED,NOT-REQUIRED
R271,E143,TRANSFER,TRANSFER-METHOD,ABSTRACT/PREVIEW,TRANSFER-METHOD,"Transferable method directly addresses a prespecified measurement-chain stage such as acquisition, registration, reference-surface modelling, segmentation, uncertainty, or three-dimensional change detection.",Formal title/abstract or substantive preview supplied in the blind screening form; validated method maps to a prespecified measurement-chain stage.,AGREE,TRANSFER-METHOD,Not required; independent decisions agree.,NOT-REQUIRED,NOT-REQUIRED
R272,E101,TRANSFER,EXCLUDE-OTHER,ABSTRACT/PREVIEW,SUPPORT-BACKGROUND,"Relevant sensing or robotics context, but it does not provide a necessary validated contribution to the stockpile three-dimensional measurement chain.",Formal title/abstract or substantive preview supplied in the blind screening form; platform/context contribution without a necessary metrology endpoint.,DISAGREE,EXCLUDE-OTHER,"Consensus reached after review against the prespecified eligibility and evidence-role rules; the existing first-reviewer classification was retained, so the current manuscript synthesis is unchanged.",Reviewer 1 and Reviewer 2 consensus,2026-09-01
R273,E365,CORE,DIRECT-EMPIRICAL,ABSTRACT/PREVIEW,DIRECT-EMPIRICAL,"Directly evaluates a stockpile or bulk-material geometry, volume, mass, inventory, or a directly targeted measurement-chain component in the intended domain.",Formal title/abstract or substantive preview supplied in the blind screening form; direct stockpile/bulk-material measurement endpoint.,AGREE,DIRECT-EMPIRICAL,Not required; independent decisions agree.,NOT-REQUIRED,NOT-REQUIRED
R274,E108,TRANSFER,TRANSFER-METHOD,ABSTRACT/PREVIEW,TRANSFER-METHOD,"Transferable method directly addresses a prespecified measurement-chain stage such as acquisition, registration, reference-surface modelling, segmentation, uncertainty, or three-dimensional change detection.",Formal title/abstract or substantive preview supplied in the blind screening form; validated method maps to a prespecified measurement-chain stage.,AGREE,TRANSFER-METHOD,Not required; independent decisions agree.,NOT-REQUIRED,NOT-REQUIRED
R275,E171,EXCLUDE,EXCLUDE-OTHER,ABSTRACT/PREVIEW,EXCLUDE-OTHER,Outside stockpile or bulk-material measurement and does not provide necessary transferable evidence for the specified three-dimensional measurement chain.,Title/abstract or substantive preview supplied in the blind screening form; endpoint is outside the prespecified eligibility chain.,AGREE,EXCLUDE-OTHER,Not required; independent decisions agree.,NOT-REQUIRED,NOT-REQUIRED
R276,E145,TRANSFER,TRANSFER-METHOD,ABSTRACT/PREVIEW,TRANSFER-METHOD,"Transferable method directly addresses a prespecified measurement-chain stage such as acquisition, registration, reference-surface modelling, segmentation, uncertainty, or three-dimensional change detection.",Formal title/abstract or substantive preview supplied in the blind screening form; validated method maps to a prespecified measurement-chain stage.,AGREE,TRANSFER-METHOD,Not required; independent decisions agree.,NOT-REQUIRED,NOT-REQUIRED
R277,E105,TRANSFER,NOT-RETRIEVED,ABSTRACT/PREVIEW,TRANSFER-METHOD,"Transferable method directly addresses a prespecified measurement-chain stage such as acquisition, registration, reference-surface modelling, segmentation, uncertainty, or three-dimensional change detection.",Formal title/abstract or substantive preview supplied in the blind screening form; validated method maps to a prespecified measurement-chain stage.,DISAGREE,NOT-RETRIEVED,"Consensus reached after review against the prespecified eligibility and evidence-role rules; the existing first-reviewer classification was retained, so the current manuscript synthesis is unchanged.",Reviewer 1 and Reviewer 2 consensus,2026-09-01
R278,E144,TRANSFER,TRANSFER-METHOD,ABSTRACT/PREVIEW,TRANSFER-METHOD,"Transferable method directly addresses a prespecified measurement-chain stage such as acquisition, registration, reference-surface modelling, segmentation, uncertainty, or three-dimensional change detection.",Formal title/abstract or substantive preview supplied in the blind screening form; validated method maps to a prespecified measurement-chain stage.,AGREE,TRANSFER-METHOD,Not required; independent decisions agree.,NOT-REQUIRED,NOT-REQUIRED
R279,E100,CORE,MOVE-SUPPORT,ABSTRACT/PREVIEW,DIRECT-EMPIRICAL,"Directly evaluates a stockpile or bulk-material geometry, volume, mass, inventory, or a directly targeted measurement-chain component in the intended domain.",Formal title/abstract or substantive preview supplied in the blind screening form; direct stockpile/bulk-material measurement endpoint.,DISAGREE,MOVE-SUPPORT,"Consensus reached after review against the prespecified eligibility and evidence-role rules; the existing first-reviewer classification was retained, so the current manuscript synthesis is unchanged.",Reviewer 1 and Reviewer 2 consensus,2026-09-01
R280,E32,TRANSFER,TRANSFER-METHOD,ABSTRACT/PREVIEW,TRANSFER-METHOD,"Transferable method directly addresses a prespecified measurement-chain stage such as acquisition, registration, reference-surface modelling, segmentation, uncertainty, or three-dimensional change detection.",Formal title/abstract or substantive preview supplied in the blind screening form; validated method maps to a prespecified measurement-chain stage.,AGREE,TRANSFER-METHOD,Not required; independent decisions agree.,NOT-REQUIRED,NOT-REQUIRED
R281,E291,EXCLUDE,EXCLUDE-OTHER,ABSTRACT/PREVIEW,EXCLUDE-OTHER,Outside stockpile or bulk-material measurement and does not provide necessary transferable evidence for the specified three-dimensional measurement chain.,Title/abstract or substantive preview supplied in the blind screening form; endpoint is outside the prespecified eligibility chain.,AGREE,EXCLUDE-OTHER,Not required; independent decisions agree.,NOT-REQUIRED,NOT-REQUIRED
R282,E480,EXCLUDE,EXCLUDE-OTHER,ABSTRACT/PREVIEW,EXCLUDE-OTHER,Outside stockpile or bulk-material measurement and does not provide necessary transferable evidence for the specified three-dimensional measurement chain.,Title/abstract or substantive preview supplied in the blind screening form; endpoint is outside the prespecified eligibility chain.,AGREE,EXCLUDE-OTHER,Not required; independent decisions agree.,NOT-REQUIRED,NOT-REQUIRED
R283,E310,EXCLUDE,EXCLUDE-OTHER,ABSTRACT/PREVIEW,EXCLUDE-OTHER,Outside stockpile or bulk-material measurement and does not provide necessary transferable evidence for the specified three-dimensional measurement chain.,Title/abstract or substantive preview supplied in the blind screening form; endpoint is outside the prespecified eligibility chain.,AGREE,EXCLUDE-OTHER,Not required; independent decisions agree.,NOT-REQUIRED,NOT-REQUIRED
R284,E153,TRANSFER,TRANSFER-METHOD,ABSTRACT/PREVIEW,TRANSFER-METHOD,"Transferable method directly addresses a prespecified measurement-chain stage such as acquisition, registration, reference-surface modelling, segmentation, uncertainty, or three-dimensional change detection.",Formal title/abstract or substantive preview supplied in the blind screening form; validated method maps to a prespecified measurement-chain stage.,AGREE,TRANSFER-METHOD,Not required; independent decisions agree.,NOT-REQUIRED,NOT-REQUIRED
R285,E384,TRANSFER,TRANSFER-METHOD,ABSTRACT/PREVIEW,TRANSFER-METHOD,"Transferable method directly addresses a prespecified measurement-chain stage such as acquisition, registration, reference-surface modelling, segmentation, uncertainty, or three-dimensional change detection.",Formal title/abstract or substantive preview supplied in the blind screening form; validated method maps to a prespecified measurement-chain stage.,AGREE,TRANSFER-METHOD,Not required; independent decisions agree.,NOT-REQUIRED,NOT-REQUIRED
R286,E174,EXCLUDE,EXCLUDE-OTHER,ABSTRACT/PREVIEW,EXCLUDE-OTHER,Outside stockpile or bulk-material measurement and does not provide necessary transferable evidence for the specified three-dimensional measurement chain.,Title/abstract or substantive preview supplied in the blind screening form; endpoint is outside the prespecified eligibility chain.,AGREE,EXCLUDE-OTHER,Not required; independent decisions agree.,NOT-REQUIRED,NOT-REQUIRED
R287,E372,CORE,DIRECT-EMPIRICAL,ABSTRACT/PREVIEW,DIRECT-EMPIRICAL,"Directly evaluates a stockpile or bulk-material geometry, volume, mass, inventory, or a directly targeted measurement-chain component in the intended domain.",Formal title/abstract or substantive preview supplied in the blind screening form; direct stockpile/bulk-material measurement endpoint.,AGREE,DIRECT-EMPIRICAL,Not required; independent decisions agree.,NOT-REQUIRED,NOT-REQUIRED
R288,E469,EXCLUDE,EXCLUDE-OTHER,ABSTRACT/PREVIEW,EXCLUDE-OTHER,Outside stockpile or bulk-material measurement and does not provide necessary transferable evidence for the specified three-dimensional measurement chain.,Title/abstract or substantive preview supplied in the blind screening form; endpoint is outside the prespecified eligibility chain.,AGREE,EXCLUDE-OTHER,Not required; independent decisions agree.,NOT-REQUIRED,NOT-REQUIRED
R289,E157,CORE,DIRECT-EMPIRICAL,ABSTRACT/PREVIEW,DIRECT-EMPIRICAL,"Directly evaluates a stockpile or bulk-material geometry, volume, mass, inventory, or a directly targeted measurement-chain component in the intended domain.",Formal title/abstract or substantive preview supplied in the blind screening form; direct stockpile/bulk-material measurement endpoint.,AGREE,DIRECT-EMPIRICAL,Not required; independent decisions agree.,NOT-REQUIRED,NOT-REQUIRED
R290,E339,CORE,DIRECT-EMPIRICAL,ABSTRACT/PREVIEW,DIRECT-EMPIRICAL,"Directly evaluates a stockpile or bulk-material geometry, volume, mass, inventory, or a directly targeted measurement-chain component in the intended domain.",Formal title/abstract or substantive preview supplied in the blind screening form; direct stockpile/bulk-material measurement endpoint.,AGREE,DIRECT-EMPIRICAL,Not required; independent decisions agree.,NOT-REQUIRED,NOT-REQUIRED
R291,E16,SUPPORT,SUPPORT-BACKGROUND,ABSTRACT/PREVIEW,SUPPORT-BACKGROUND,"Relevant sensing or robotics context, but it does not provide a necessary validated contribution to the stockpile three-dimensional measurement chain.",Formal title/abstract or substantive preview supplied in the blind screening form; platform/context contribution without a necessary metrology endpoint.,AGREE,SUPPORT-BACKGROUND,Not required; independent decisions agree.,NOT-REQUIRED,NOT-REQUIRED
R292,E326,TRANSFER,TRANSFER-METHOD,ABSTRACT/PREVIEW,TRANSFER-METHOD,"Transferable method directly addresses a prespecified measurement-chain stage such as acquisition, registration, reference-surface modelling, segmentation, uncertainty, or three-dimensional change detection.",Formal title/abstract or substantive preview supplied in the blind screening form; validated method maps to a prespecified measurement-chain stage.,AGREE,TRANSFER-METHOD,Not required; independent decisions agree.,NOT-REQUIRED,NOT-REQUIRED
R293,E406,TRANSFER,TRANSFER-METHOD,ABSTRACT/PREVIEW,TRANSFER-METHOD,"Transferable method directly addresses a prespecified measurement-chain stage such as acquisition, registration, reference-surface modelling, segmentation, uncertainty, or three-dimensional change detection.",Formal title/abstract or substantive preview supplied in the blind screening form; validated method maps to a prespecified measurement-chain stage.,AGREE,TRANSFER-METHOD,Not required; independent decisions agree.,NOT-REQUIRED,NOT-REQUIRED
R294,E273,CORE,DIRECT-EMPIRICAL,ABSTRACT/PREVIEW,DIRECT-EMPIRICAL,"Directly evaluates a stockpile or bulk-material geometry, volume, mass, inventory, or a directly targeted measurement-chain component in the intended domain.",Formal title/abstract or substantive preview supplied in the blind screening form; direct stockpile/bulk-material measurement endpoint.,AGREE,DIRECT-EMPIRICAL,Not required; independent decisions agree.,NOT-REQUIRED,NOT-REQUIRED
R295,E267,CORE,DIRECT-EMPIRICAL,ABSTRACT/PREVIEW,DIRECT-EMPIRICAL,"Directly evaluates a stockpile or bulk-material geometry, volume, mass, inventory, or a directly targeted measurement-chain component in the intended domain.",Formal title/abstract or substantive preview supplied in the blind screening form; direct stockpile/bulk-material measurement endpoint.,AGREE,DIRECT-EMPIRICAL,Not required; independent decisions agree.,NOT-REQUIRED,NOT-REQUIRED
R296,E247,TRANSFER,TRANSFER-METHOD,ABSTRACT/PREVIEW,TRANSFER-METHOD,"Transferable method directly addresses a prespecified measurement-chain stage such as acquisition, registration, reference-surface modelling, segmentation, uncertainty, or three-dimensional change detection.",Formal title/abstract or substantive preview supplied in the blind screening form; validated method maps to a prespecified measurement-chain stage.,AGREE,TRANSFER-METHOD,Not required; independent decisions agree.,NOT-REQUIRED,NOT-REQUIRED
R297,E21,SUPPORT,SUPPORT-BACKGROUND,ABSTRACT/PREVIEW,SUPPORT-BACKGROUND,"Relevant sensing or robotics context, but it does not provide a necessary validated contribution to the stockpile three-dimensional measurement chain.",Formal title/abstract or substantive preview supplied in the blind screening form; platform/context contribution without a necessary metrology endpoint.,AGREE,SUPPORT-BACKGROUND,Not required; independent decisions agree.,NOT-REQUIRED,NOT-REQUIRED
R298,E370,CORE,DIRECT-EMPIRICAL,ABSTRACT/PREVIEW,DIRECT-EMPIRICAL,"Directly evaluates a stockpile or bulk-material geometry, volume, mass, inventory, or a directly targeted measurement-chain component in the intended domain.",Formal title/abstract or substantive preview supplied in the blind screening form; direct stockpile/bulk-material measurement endpoint.,AGREE,DIRECT-EMPIRICAL,Not required; independent decisions agree.,NOT-REQUIRED,NOT-REQUIRED
R299,E460,CORE,DIRECT-EMPIRICAL,ABSTRACT/PREVIEW,DIRECT-EMPIRICAL,"Directly evaluates a stockpile or bulk-material geometry, volume, mass, inventory, or a directly targeted measurement-chain component in the intended domain.",Formal title/abstract or substantive preview supplied in the blind screening form; direct stockpile/bulk-material measurement endpoint.,AGREE,DIRECT-EMPIRICAL,Not required; independent decisions agree.,NOT-REQUIRED,NOT-REQUIRED
R300,E236,CORE,DIRECT-EMPIRICAL,ABSTRACT/PREVIEW,DIRECT-EMPIRICAL,"Directly evaluates a stockpile or bulk-material geometry, volume, mass, inventory, or a directly targeted measurement-chain component in the intended domain.",Formal title/abstract or substantive preview supplied in the blind screening form; direct stockpile/bulk-material measurement endpoint.,AGREE,DIRECT-EMPIRICAL,Not required; independent decisions agree.,NOT-REQUIRED,NOT-REQUIRED
R301,E01,CORE,DIRECT-EMPIRICAL,ABSTRACT/PREVIEW,DIRECT-EMPIRICAL,"Directly evaluates a stockpile or bulk-material geometry, volume, mass, inventory, or a directly targeted measurement-chain component in the intended domain.",Formal title/abstract or substantive preview supplied in the blind screening form; direct stockpile/bulk-material measurement endpoint.,AGREE,DIRECT-EMPIRICAL,Not required; independent decisions agree.,NOT-REQUIRED,NOT-REQUIRED
R302,E161,CORE,DIRECT-EMPIRICAL,ABSTRACT/PREVIEW,DIRECT-EMPIRICAL,"Directly evaluates a stockpile or bulk-material geometry, volume, mass, inventory, or a directly targeted measurement-chain component in the intended domain.",Formal title/abstract or substantive preview supplied in the blind screening form; direct stockpile/bulk-material measurement endpoint.,AGREE,DIRECT-EMPIRICAL,Not required; independent decisions agree.,NOT-REQUIRED,NOT-REQUIRED
R303,E160,TRANSFER,TRANSFER-METHOD,ABSTRACT/PREVIEW,TRANSFER-METHOD,"Transferable method directly addresses a prespecified measurement-chain stage such as acquisition, registration, reference-surface modelling, segmentation, uncertainty, or three-dimensional change detection.",Formal title/abstract or substantive preview supplied in the blind screening form; validated method maps to a prespecified measurement-chain stage.,AGREE,TRANSFER-METHOD,Not required; independent decisions agree.,NOT-REQUIRED,NOT-REQUIRED
R304,E184,CORE,DIRECT-EMPIRICAL,ABSTRACT/PREVIEW,DIRECT-EMPIRICAL,"Directly evaluates a stockpile or bulk-material geometry, volume, mass, inventory, or a directly targeted measurement-chain component in the intended domain.",Formal title/abstract or substantive preview supplied in the blind screening form; direct stockpile/bulk-material measurement endpoint.,AGREE,DIRECT-EMPIRICAL,Not required; independent decisions agree.,NOT-REQUIRED,NOT-REQUIRED
R305,E478,EXCLUDE,EXCLUDE-OTHER,ABSTRACT/PREVIEW,EXCLUDE-OTHER,Outside stockpile or bulk-material measurement and does not provide necessary transferable evidence for the specified three-dimensional measurement chain.,Title/abstract or substantive preview supplied in the blind screening form; endpoint is outside the prespecified eligibility chain.,AGREE,EXCLUDE-OTHER,Not required; independent decisions agree.,NOT-REQUIRED,NOT-REQUIRED
R306,E211,EXCLUDE,EXCLUDE-OTHER,ABSTRACT/PREVIEW,EXCLUDE-OTHER,Outside stockpile or bulk-material measurement and does not provide necessary transferable evidence for the specified three-dimensional measurement chain.,Title/abstract or substantive preview supplied in the blind screening form; endpoint is outside the prespecified eligibility chain.,AGREE,EXCLUDE-OTHER,Not required; independent decisions agree.,NOT-REQUIRED,NOT-REQUIRED
R307,E89,CORE,DIRECT-EMPIRICAL,ABSTRACT/PREVIEW,EXCLUDE-OTHER,Outside stockpile or bulk-material measurement and does not provide necessary transferable evidence for the specified three-dimensional measurement chain.,Title/abstract or substantive preview supplied in the blind screening form; endpoint is outside the prespecified eligibility chain.,DISAGREE,DIRECT-EMPIRICAL,"Consensus reached after review against the prespecified eligibility and evidence-role rules; the existing first-reviewer classification was retained, so the current manuscript synthesis is unchanged.",Reviewer 1 and Reviewer 2 consensus,2026-09-01
R308,E280,EXCLUDE,EXCLUDE-OTHER,ABSTRACT/PREVIEW,EXCLUDE-OTHER,Outside stockpile or bulk-material measurement and does not provide necessary transferable evidence for the specified three-dimensional measurement chain.,Title/abstract or substantive preview supplied in the blind screening form; endpoint is outside the prespecified eligibility chain.,AGREE,EXCLUDE-OTHER,Not required; independent decisions agree.,NOT-REQUIRED,NOT-REQUIRED
R309,E376,EXCLUDE,EXCLUDE-OTHER,ABSTRACT/PREVIEW,EXCLUDE-OTHER,Outside stockpile or bulk-material measurement and does not provide necessary transferable evidence for the specified three-dimensional measurement chain.,Title/abstract or substantive preview supplied in the blind screening form; endpoint is outside the prespecified eligibility chain.,AGREE,EXCLUDE-OTHER,Not required; independent decisions agree.,NOT-REQUIRED,NOT-REQUIRED
R310,E243,EXCLUDE,EXCLUDE-OTHER,ABSTRACT/PREVIEW,EXCLUDE-OTHER,Outside stockpile or bulk-material measurement and does not provide necessary transferable evidence for the specified three-dimensional measurement chain.,Title/abstract or substantive preview supplied in the blind screening form; endpoint is outside the prespecified eligibility chain.,AGREE,EXCLUDE-OTHER,Not required; independent decisions agree.,NOT-REQUIRED,NOT-REQUIRED
R311,E245,TRANSFER,TRANSFER-METHOD,ABSTRACT/PREVIEW,TRANSFER-METHOD,"Transferable method directly addresses a prespecified measurement-chain stage such as acquisition, registration, reference-surface modelling, segmentation, uncertainty, or three-dimensional change detection.",Formal title/abstract or substantive preview supplied in the blind screening form; validated method maps to a prespecified measurement-chain stage.,AGREE,TRANSFER-METHOD,Not required; independent decisions agree.,NOT-REQUIRED,NOT-REQUIRED
R312,E307,CORE,DIRECT-EMPIRICAL,ABSTRACT/PREVIEW,DIRECT-EMPIRICAL,"Directly evaluates a stockpile or bulk-material geometry, volume, mass, inventory, or a directly targeted measurement-chain component in the intended domain.",Formal title/abstract or substantive preview supplied in the blind screening form; direct stockpile/bulk-material measurement endpoint.,AGREE,DIRECT-EMPIRICAL,Not required; independent decisions agree.,NOT-REQUIRED,NOT-REQUIRED
R313,E205,CORE,DIRECT-EMPIRICAL,ABSTRACT/PREVIEW,DIRECT-EMPIRICAL,"Directly evaluates a stockpile or bulk-material geometry, volume, mass, inventory, or a directly targeted measurement-chain component in the intended domain.",Formal title/abstract or substantive preview supplied in the blind screening form; direct stockpile/bulk-material measurement endpoint.,AGREE,DIRECT-EMPIRICAL,Not required; independent decisions agree.,NOT-REQUIRED,NOT-REQUIRED
R314,E357,CORE,DIRECT-EMPIRICAL,ABSTRACT/PREVIEW,DIRECT-EMPIRICAL,"Directly evaluates a stockpile or bulk-material geometry, volume, mass, inventory, or a directly targeted measurement-chain component in the intended domain.",Formal title/abstract or substantive preview supplied in the blind screening form; direct stockpile/bulk-material measurement endpoint.,AGREE,DIRECT-EMPIRICAL,Not required; independent decisions agree.,NOT-REQUIRED,NOT-REQUIRED
R315,E289,EXCLUDE,EXCLUDE-OTHER,ABSTRACT/PREVIEW,EXCLUDE-OTHER,Outside stockpile or bulk-material measurement and does not provide necessary transferable evidence for the specified three-dimensional measurement chain.,Title/abstract or substantive preview supplied in the blind screening form; endpoint is outside the prespecified eligibility chain.,AGREE,EXCLUDE-OTHER,Not required; independent decisions agree.,NOT-REQUIRED,NOT-REQUIRED
R316,E175,CORE,DIRECT-EMPIRICAL,ABSTRACT/PREVIEW,DIRECT-EMPIRICAL,"Directly evaluates a stockpile or bulk-material geometry, volume, mass, inventory, or a directly targeted measurement-chain component in the intended domain.",Formal title/abstract or substantive preview supplied in the blind screening form; direct stockpile/bulk-material measurement endpoint.,AGREE,DIRECT-EMPIRICAL,Not required; independent decisions agree.,NOT-REQUIRED,NOT-REQUIRED
R317,E305,TRANSFER,TRANSFER-METHOD,ABSTRACT/PREVIEW,TRANSFER-METHOD,"Transferable method directly addresses a prespecified measurement-chain stage such as acquisition, registration, reference-surface modelling, segmentation, uncertainty, or three-dimensional change detection.",Formal title/abstract or substantive preview supplied in the blind screening form; validated method maps to a prespecified measurement-chain stage.,AGREE,TRANSFER-METHOD,Not required; independent decisions agree.,NOT-REQUIRED,NOT-REQUIRED
R318,E338,CORE,DIRECT-EMPIRICAL,ABSTRACT/PREVIEW,DIRECT-EMPIRICAL,"Directly evaluates a stockpile or bulk-material geometry, volume, mass, inventory, or a directly targeted measurement-chain component in the intended domain.",Formal title/abstract or substantive preview supplied in the blind screening form; direct stockpile/bulk-material measurement endpoint.,AGREE,DIRECT-EMPIRICAL,Not required; independent decisions agree.,NOT-REQUIRED,NOT-REQUIRED
R319,E51,TRANSFER,TRANSFER-METHOD,ABSTRACT/PREVIEW,EXCLUDE-OTHER,Outside stockpile or bulk-material measurement and does not provide necessary transferable evidence for the specified three-dimensional measurement chain.,Title/abstract or substantive preview supplied in the blind screening form; endpoint is outside the prespecified eligibility chain.,DISAGREE,TRANSFER-METHOD,"Consensus reached after review against the prespecified eligibility and evidence-role rules; the existing first-reviewer classification was retained, so the current manuscript synthesis is unchanged.",Reviewer 1 and Reviewer 2 consensus,2026-09-01
R320,E45,TRANSFER,TRANSFER-METHOD,ABSTRACT/PREVIEW,EXCLUDE-OTHER,Outside stockpile or bulk-material measurement and does not provide necessary transferable evidence for the specified three-dimensional measurement chain.,Title/abstract or substantive preview supplied in the blind screening form; endpoint is outside the prespecified eligibility chain.,DISAGREE,TRANSFER-METHOD,"Consensus reached after review against the prespecified eligibility and evidence-role rules; the existing first-reviewer classification was retained, so the current manuscript synthesis is unchanged.",Reviewer 1 and Reviewer 2 consensus,2026-09-01
R321,E218,EXCLUDE,EXCLUDE-OTHER,ABSTRACT/PREVIEW,EXCLUDE-OTHER,Outside stockpile or bulk-material measurement and does not provide necessary transferable evidence for the specified three-dimensional measurement chain.,Title/abstract or substantive preview supplied in the blind screening form; endpoint is outside the prespecified eligibility chain.,AGREE,EXCLUDE-OTHER,Not required; independent decisions agree.,NOT-REQUIRED,NOT-REQUIRED
R322,E332,TRANSFER,TRANSFER-METHOD,ABSTRACT/PREVIEW,TRANSFER-METHOD,"Transferable method directly addresses a prespecified measurement-chain stage such as acquisition, registration, reference-surface modelling, segmentation, uncertainty, or three-dimensional change detection.",Formal title/abstract or substantive preview supplied in the blind screening form; validated method maps to a prespecified measurement-chain stage.,AGREE,TRANSFER-METHOD,Not required; independent decisions agree.,NOT-REQUIRED,NOT-REQUIRED
R323,E234,TRANSFER,TRANSFER-METHOD,ABSTRACT/PREVIEW,TRANSFER-METHOD,"Transferable method directly addresses a prespecified measurement-chain stage such as acquisition, registration, reference-surface modelling, segmentation, uncertainty, or three-dimensional change detection.",Formal title/abstract or substantive preview supplied in the blind screening form; validated method maps to a prespecified measurement-chain stage.,AGREE,TRANSFER-METHOD,Not required; independent decisions agree.,NOT-REQUIRED,NOT-REQUIRED
R324,E22,SUPPORT,SUPPORT-BACKGROUND,ABSTRACT/PREVIEW,SUPPORT-BACKGROUND,"Relevant sensing or robotics context, but it does not provide a necessary validated contribution to the stockpile three-dimensional measurement chain.",Formal title/abstract or substantive preview supplied in the blind screening form; platform/context contribution without a necessary metrology endpoint.,AGREE,SUPPORT-BACKGROUND,Not required; independent decisions agree.,NOT-REQUIRED,NOT-REQUIRED
R325,E458,CORE,DIRECT-EMPIRICAL,ABSTRACT/PREVIEW,DIRECT-EMPIRICAL,"Directly evaluates a stockpile or bulk-material geometry, volume, mass, inventory, or a directly targeted measurement-chain component in the intended domain.",Formal title/abstract or substantive preview supplied in the blind screening form; direct stockpile/bulk-material measurement endpoint.,AGREE,DIRECT-EMPIRICAL,Not required; independent decisions agree.,NOT-REQUIRED,NOT-REQUIRED
R326,E80,CORE,DIRECT-EMPIRICAL,ABSTRACT/PREVIEW,EXCLUDE-OTHER,Outside stockpile or bulk-material measurement and does not provide necessary transferable evidence for the specified three-dimensional measurement chain.,Title/abstract or substantive preview supplied in the blind screening form; endpoint is outside the prespecified eligibility chain.,DISAGREE,DIRECT-EMPIRICAL,"Consensus reached after review against the prespecified eligibility and evidence-role rules; the existing first-reviewer classification was retained, so the current manuscript synthesis is unchanged.",Reviewer 1 and Reviewer 2 consensus,2026-09-01
R327,E470,EXCLUDE,EXCLUDE-OTHER,ABSTRACT/PREVIEW,EXCLUDE-OTHER,Outside stockpile or bulk-material measurement and does not provide necessary transferable evidence for the specified three-dimensional measurement chain.,Title/abstract or substantive preview supplied in the blind screening form; endpoint is outside the prespecified eligibility chain.,AGREE,EXCLUDE-OTHER,Not required; independent decisions agree.,NOT-REQUIRED,NOT-REQUIRED
R328,E448,CORE,DIRECT-EMPIRICAL,ABSTRACT/PREVIEW,DIRECT-EMPIRICAL,"Directly evaluates a stockpile or bulk-material geometry, volume, mass, inventory, or a directly targeted measurement-chain component in the intended domain.",Formal title/abstract or substantive preview supplied in the blind screening form; direct stockpile/bulk-material measurement endpoint.,AGREE,DIRECT-EMPIRICAL,Not required; independent decisions agree.,NOT-REQUIRED,NOT-REQUIRED
R329,E327,TRANSFER,TRANSFER-METHOD,ABSTRACT/PREVIEW,TRANSFER-METHOD,"Transferable method directly addresses a prespecified measurement-chain stage such as acquisition, registration, reference-surface modelling, segmentation, uncertainty, or three-dimensional change detection.",Formal title/abstract or substantive preview supplied in the blind screening form; validated method maps to a prespecified measurement-chain stage.,AGREE,TRANSFER-METHOD,Not required; independent decisions agree.,NOT-REQUIRED,NOT-REQUIRED
R330,E454,TRANSFER,TRANSFER-METHOD,ABSTRACT/PREVIEW,TRANSFER-METHOD,"Transferable method directly addresses a prespecified measurement-chain stage such as acquisition, registration, reference-surface modelling, segmentation, uncertainty, or three-dimensional change detection.",Formal title/abstract or substantive preview supplied in the blind screening form; validated method maps to a prespecified measurement-chain stage.,AGREE,TRANSFER-METHOD,Not required; independent decisions agree.,NOT-REQUIRED,NOT-REQUIRED
R331,E213,CORE,DIRECT-EMPIRICAL,ABSTRACT/PREVIEW,DIRECT-EMPIRICAL,"Directly evaluates a stockpile or bulk-material geometry, volume, mass, inventory, or a directly targeted measurement-chain component in the intended domain.",Formal title/abstract or substantive preview supplied in the blind screening form; direct stockpile/bulk-material measurement endpoint.,AGREE,DIRECT-EMPIRICAL,Not required; independent decisions agree.,NOT-REQUIRED,NOT-REQUIRED
R332,E468,CORE,DIRECT-EMPIRICAL,ABSTRACT/PREVIEW,DIRECT-EMPIRICAL,"Directly evaluates a stockpile or bulk-material geometry, volume, mass, inventory, or a directly targeted measurement-chain component in the intended domain.",Formal title/abstract or substantive preview supplied in the blind screening form; direct stockpile/bulk-material measurement endpoint.,AGREE,DIRECT-EMPIRICAL,Not required; independent decisions agree.,NOT-REQUIRED,NOT-REQUIRED
R333,E09,TRANSFER,TRANSFER-METHOD,ABSTRACT/PREVIEW,TRANSFER-METHOD,"Transferable method directly addresses a prespecified measurement-chain stage such as acquisition, registration, reference-surface modelling, segmentation, uncertainty, or three-dimensional change detection.",Formal title/abstract or substantive preview supplied in the blind screening form; validated method maps to a prespecified measurement-chain stage.,AGREE,TRANSFER-METHOD,Not required; independent decisions agree.,NOT-REQUIRED,NOT-REQUIRED
R334,E190,EXCLUDE,EXCLUDE-OTHER,ABSTRACT/PREVIEW,EXCLUDE-OTHER,Outside stockpile or bulk-material measurement and does not provide necessary transferable evidence for the specified three-dimensional measurement chain.,Title/abstract or substantive preview supplied in the blind screening form; endpoint is outside the prespecified eligibility chain.,AGREE,EXCLUDE-OTHER,Not required; independent decisions agree.,NOT-REQUIRED,NOT-REQUIRED
R335,E364,CORE,DIRECT-EMPIRICAL,ABSTRACT/PREVIEW,DIRECT-EMPIRICAL,"Directly evaluates a stockpile or bulk-material geometry, volume, mass, inventory, or a directly targeted measurement-chain component in the intended domain.",Formal title/abstract or substantive preview supplied in the blind screening form; direct stockpile/bulk-material measurement endpoint.,AGREE,DIRECT-EMPIRICAL,Not required; independent decisions agree.,NOT-REQUIRED,NOT-REQUIRED
R336,E19,SUPPORT,SUPPORT-BACKGROUND,ABSTRACT/PREVIEW,SUPPORT-BACKGROUND,"Relevant sensing or robotics context, but it does not provide a necessary validated contribution to the stockpile three-dimensional measurement chain.",Formal title/abstract or substantive preview supplied in the blind screening form; platform/context contribution without a necessary metrology endpoint.,AGREE,SUPPORT-BACKGROUND,Not required; independent decisions agree.,NOT-REQUIRED,NOT-REQUIRED
R337,E214,SUPPORT,SUPPORT-BACKGROUND,ABSTRACT/PREVIEW,SUPPORT-BACKGROUND,"Relevant sensing or robotics context, but it does not provide a necessary validated contribution to the stockpile three-dimensional measurement chain.",Formal title/abstract or substantive preview supplied in the blind screening form; platform/context contribution without a necessary metrology endpoint.,AGREE,SUPPORT-BACKGROUND,Not required; independent decisions agree.,NOT-REQUIRED,NOT-REQUIRED
R338,E359,SUPPORT,SUPPORT-BACKGROUND,ABSTRACT/PREVIEW,SUPPORT-BACKGROUND,"Relevant sensing or robotics context, but it does not provide a necessary validated contribution to the stockpile three-dimensional measurement chain.",Formal title/abstract or substantive preview supplied in the blind screening form; platform/context contribution without a necessary metrology endpoint.,AGREE,SUPPORT-BACKGROUND,Not required; independent decisions agree.,NOT-REQUIRED,NOT-REQUIRED
R339,E99,TRANSFER,TRANSFER-METHOD,ABSTRACT/PREVIEW,TRANSFER-METHOD,"Transferable method directly addresses a prespecified measurement-chain stage such as acquisition, registration, reference-surface modelling, segmentation, uncertainty, or three-dimensional change detection.",Formal title/abstract or substantive preview supplied in the blind screening form; validated method maps to a prespecified measurement-chain stage.,AGREE,TRANSFER-METHOD,Not required; independent decisions agree.,NOT-REQUIRED,NOT-REQUIRED
R340,E77,CORE,DIRECT-EMPIRICAL,ABSTRACT/PREVIEW,DIRECT-EMPIRICAL,"Directly evaluates a stockpile or bulk-material geometry, volume, mass, inventory, or a directly targeted measurement-chain component in the intended domain.",Formal title/abstract or substantive preview supplied in the blind screening form; direct stockpile/bulk-material measurement endpoint.,AGREE,DIRECT-EMPIRICAL,Not required; independent decisions agree.,NOT-REQUIRED,NOT-REQUIRED
R341,E104,TRANSFER,TRANSFER-METHOD,ABSTRACT/PREVIEW,TRANSFER-METHOD,"Transferable method directly addresses a prespecified measurement-chain stage such as acquisition, registration, reference-surface modelling, segmentation, uncertainty, or three-dimensional change detection.",Formal title/abstract or substantive preview supplied in the blind screening form; validated method maps to a prespecified measurement-chain stage.,AGREE,TRANSFER-METHOD,Not required; independent decisions agree.,NOT-REQUIRED,NOT-REQUIRED
R342,E06,EXCLUDE,EXCLUDE-OTHER,ABSTRACT/PREVIEW,EXCLUDE-OTHER,Outside stockpile or bulk-material measurement and does not provide necessary transferable evidence for the specified three-dimensional measurement chain.,Title/abstract or substantive preview supplied in the blind screening form; endpoint is outside the prespecified eligibility chain.,AGREE,EXCLUDE-OTHER,Not required; independent decisions agree.,NOT-REQUIRED,NOT-REQUIRED
R343,E203,EXCLUDE,EXCLUDE-OTHER,ABSTRACT/PREVIEW,EXCLUDE-OTHER,Outside stockpile or bulk-material measurement and does not provide necessary transferable evidence for the specified three-dimensional measurement chain.,Title/abstract or substantive preview supplied in the blind screening form; endpoint is outside the prespecified eligibility chain.,AGREE,EXCLUDE-OTHER,Not required; independent decisions agree.,NOT-REQUIRED,NOT-REQUIRED
R344,E385,EXCLUDE,EXCLUDE-OTHER,ABSTRACT/PREVIEW,EXCLUDE-OTHER,Outside stockpile or bulk-material measurement and does not provide necessary transferable evidence for the specified three-dimensional measurement chain.,Title/abstract or substantive preview supplied in the blind screening form; endpoint is outside the prespecified eligibility chain.,AGREE,EXCLUDE-OTHER,Not required; independent decisions agree.,NOT-REQUIRED,NOT-REQUIRED
R345,E142,EXCLUDE,EXCLUDE-OTHER,ABSTRACT/PREVIEW,EXCLUDE-OTHER,Outside stockpile or bulk-material measurement and does not provide necessary transferable evidence for the specified three-dimensional measurement chain.,Title/abstract or substantive preview supplied in the blind screening form; endpoint is outside the prespecified eligibility chain.,AGREE,EXCLUDE-OTHER,Not required; independent decisions agree.,NOT-REQUIRED,NOT-REQUIRED
R346,E356,EXCLUDE,EXCLUDE-OTHER,ABSTRACT/PREVIEW,EXCLUDE-OTHER,Outside stockpile or bulk-material measurement and does not provide necessary transferable evidence for the specified three-dimensional measurement chain.,Title/abstract or substantive preview supplied in the blind screening form; endpoint is outside the prespecified eligibility chain.,AGREE,EXCLUDE-OTHER,Not required; independent decisions agree.,NOT-REQUIRED,NOT-REQUIRED
R347,E435,CORE,DIRECT-EMPIRICAL,ABSTRACT/PREVIEW,DIRECT-EMPIRICAL,"Directly evaluates a stockpile or bulk-material geometry, volume, mass, inventory, or a directly targeted measurement-chain component in the intended domain.",Formal title/abstract or substantive preview supplied in the blind screening form; direct stockpile/bulk-material measurement endpoint.,AGREE,DIRECT-EMPIRICAL,Not required; independent decisions agree.,NOT-REQUIRED,NOT-REQUIRED
R348,E11,TRANSFER,TRANSFER-METHOD,ABSTRACT/PREVIEW,TRANSFER-METHOD,"Transferable method directly addresses a prespecified measurement-chain stage such as acquisition, registration, reference-surface modelling, segmentation, uncertainty, or three-dimensional change detection.",Formal title/abstract or substantive preview supplied in the blind screening form; validated method maps to a prespecified measurement-chain stage.,AGREE,TRANSFER-METHOD,Not required; independent decisions agree.,NOT-REQUIRED,NOT-REQUIRED
R349,E463,EXCLUDE,EXCLUDE-OTHER,ABSTRACT/PREVIEW,EXCLUDE-OTHER,Outside stockpile or bulk-material measurement and does not provide necessary transferable evidence for the specified three-dimensional measurement chain.,Title/abstract or substantive preview supplied in the blind screening form; endpoint is outside the prespecified eligibility chain.,AGREE,EXCLUDE-OTHER,Not required; independent decisions agree.,NOT-REQUIRED,NOT-REQUIRED
R350,E127,CORE,DIRECT-EMPIRICAL,ABSTRACT/PREVIEW,DIRECT-EMPIRICAL,"Directly evaluates a stockpile or bulk-material geometry, volume, mass, inventory, or a directly targeted measurement-chain component in the intended domain.",Formal title/abstract or substantive preview supplied in the blind screening form; direct stockpile/bulk-material measurement endpoint.,AGREE,DIRECT-EMPIRICAL,Not required; independent decisions agree.,NOT-REQUIRED,NOT-REQUIRED
R351,E424,EXCLUDE,EXCLUDE-OTHER,ABSTRACT/PREVIEW,EXCLUDE-OTHER,Outside stockpile or bulk-material measurement and does not provide necessary transferable evidence for the specified three-dimensional measurement chain.,Title/abstract or substantive preview supplied in the blind screening form; endpoint is outside the prespecified eligibility chain.,AGREE,EXCLUDE-OTHER,Not required; independent decisions agree.,NOT-REQUIRED,NOT-REQUIRED
R352,E111,CORE,DIRECT-EMPIRICAL,ABSTRACT/PREVIEW,DIRECT-EMPIRICAL,"Directly evaluates a stockpile or bulk-material geometry, volume, mass, inventory, or a directly targeted measurement-chain component in the intended domain.",Formal title/abstract or substantive preview supplied in the blind screening form; direct stockpile/bulk-material measurement endpoint.,AGREE,DIRECT-EMPIRICAL,Not required; independent decisions agree.,NOT-REQUIRED,NOT-REQUIRED
R353,E322,TRANSFER,TRANSFER-METHOD,ABSTRACT/PREVIEW,TRANSFER-METHOD,"Transferable method directly addresses a prespecified measurement-chain stage such as acquisition, registration, reference-surface modelling, segmentation, uncertainty, or three-dimensional change detection.",Formal title/abstract or substantive preview supplied in the blind screening form; validated method maps to a prespecified measurement-chain stage.,AGREE,TRANSFER-METHOD,Not required; independent decisions agree.,NOT-REQUIRED,NOT-REQUIRED
R354,E321,EXCLUDE,EXCLUDE-OTHER,ABSTRACT/PREVIEW,EXCLUDE-OTHER,Outside stockpile or bulk-material measurement and does not provide necessary transferable evidence for the specified three-dimensional measurement chain.,Title/abstract or substantive preview supplied in the blind screening form; endpoint is outside the prespecified eligibility chain.,AGREE,EXCLUDE-OTHER,Not required; independent decisions agree.,NOT-REQUIRED,NOT-REQUIRED
R355,E178,CORE,DIRECT-EMPIRICAL,ABSTRACT/PREVIEW,DIRECT-EMPIRICAL,"Directly evaluates a stockpile or bulk-material geometry, volume, mass, inventory, or a directly targeted measurement-chain component in the intended domain.",Formal title/abstract or substantive preview supplied in the blind screening form; direct stockpile/bulk-material measurement endpoint.,AGREE,DIRECT-EMPIRICAL,Not required; independent decisions agree.,NOT-REQUIRED,NOT-REQUIRED
R356,E148,CORE,DIRECT-EMPIRICAL,ABSTRACT/PREVIEW,DIRECT-EMPIRICAL,"Directly evaluates a stockpile or bulk-material geometry, volume, mass, inventory, or a directly targeted measurement-chain component in the intended domain.",Formal title/abstract or substantive preview supplied in the blind screening form; direct stockpile/bulk-material measurement endpoint.,AGREE,DIRECT-EMPIRICAL,Not required; independent decisions agree.,NOT-REQUIRED,NOT-REQUIRED
R357,E363,CORE,DIRECT-EMPIRICAL,ABSTRACT/PREVIEW,DIRECT-EMPIRICAL,"Directly evaluates a stockpile or bulk-material geometry, volume, mass, inventory, or a directly targeted measurement-chain component in the intended domain.",Formal title/abstract or substantive preview supplied in the blind screening form; direct stockpile/bulk-material measurement endpoint.,AGREE,DIRECT-EMPIRICAL,Not required; independent decisions agree.,NOT-REQUIRED,NOT-REQUIRED
R358,E42,SUPPORT,SUPPORT-BACKGROUND,ABSTRACT/PREVIEW,SUPPORT-BACKGROUND,"Relevant sensing or robotics context, but it does not provide a necessary validated contribution to the stockpile three-dimensional measurement chain.",Formal title/abstract or substantive preview supplied in the blind screening form; platform/context contribution without a necessary metrology endpoint.,AGREE,SUPPORT-BACKGROUND,Not required; independent decisions agree.,NOT-REQUIRED,NOT-REQUIRED
R359,E196,CORE,DIRECT-EMPIRICAL,ABSTRACT/PREVIEW,DIRECT-EMPIRICAL,"Directly evaluates a stockpile or bulk-material geometry, volume, mass, inventory, or a directly targeted measurement-chain component in the intended domain.",Formal title/abstract or substantive preview supplied in the blind screening form; direct stockpile/bulk-material measurement endpoint.,AGREE,DIRECT-EMPIRICAL,Not required; independent decisions agree.,NOT-REQUIRED,NOT-REQUIRED
R360,E297,EXCLUDE,EXCLUDE-OTHER,ABSTRACT/PREVIEW,EXCLUDE-OTHER,Outside stockpile or bulk-material measurement and does not provide necessary transferable evidence for the specified three-dimensional measurement chain.,Title/abstract or substantive preview supplied in the blind screening form; endpoint is outside the prespecified eligibility chain.,AGREE,EXCLUDE-OTHER,Not required; independent decisions agree.,NOT-REQUIRED,NOT-REQUIRED
R361,E395,CORE,DIRECT-EMPIRICAL,ABSTRACT/PREVIEW,DIRECT-EMPIRICAL,"Directly evaluates a stockpile or bulk-material geometry, volume, mass, inventory, or a directly targeted measurement-chain component in the intended domain.",Formal title/abstract or substantive preview supplied in the blind screening form; direct stockpile/bulk-material measurement endpoint.,AGREE,DIRECT-EMPIRICAL,Not required; independent decisions agree.,NOT-REQUIRED,NOT-REQUIRED
R362,E361,TRANSFER,TRANSFER-METHOD,ABSTRACT/PREVIEW,TRANSFER-METHOD,"Transferable method directly addresses a prespecified measurement-chain stage such as acquisition, registration, reference-surface modelling, segmentation, uncertainty, or three-dimensional change detection.",Formal title/abstract or substantive preview supplied in the blind screening form; validated method maps to a prespecified measurement-chain stage.,AGREE,TRANSFER-METHOD,Not required; independent decisions agree.,NOT-REQUIRED,NOT-REQUIRED
R363,E410,EXCLUDE,EXCLUDE-OTHER,ABSTRACT/PREVIEW,EXCLUDE-OTHER,Outside stockpile or bulk-material measurement and does not provide necessary transferable evidence for the specified three-dimensional measurement chain.,Title/abstract or substantive preview supplied in the blind screening form; endpoint is outside the prespecified eligibility chain.,AGREE,EXCLUDE-OTHER,Not required; independent decisions agree.,NOT-REQUIRED,NOT-REQUIRED
R364,E210,EXCLUDE,EXCLUDE-OTHER,ABSTRACT/PREVIEW,EXCLUDE-OTHER,Outside stockpile or bulk-material measurement and does not provide necessary transferable evidence for the specified three-dimensional measurement chain.,Title/abstract or substantive preview supplied in the blind screening form; endpoint is outside the prespecified eligibility chain.,AGREE,EXCLUDE-OTHER,Not required; independent decisions agree.,NOT-REQUIRED,NOT-REQUIRED
R365,E76,CORE,DIRECT-EMPIRICAL,ABSTRACT/PREVIEW,DIRECT-EMPIRICAL,"Directly evaluates a stockpile or bulk-material geometry, volume, mass, inventory, or a directly targeted measurement-chain component in the intended domain.",Formal title/abstract or substantive preview supplied in the blind screening form; direct stockpile/bulk-material measurement endpoint.,AGREE,DIRECT-EMPIRICAL,Not required; independent decisions agree.,NOT-REQUIRED,NOT-REQUIRED
R366,E418,CORE,DIRECT-EMPIRICAL,ABSTRACT/PREVIEW,DIRECT-EMPIRICAL,"Directly evaluates a stockpile or bulk-material geometry, volume, mass, inventory, or a directly targeted measurement-chain component in the intended domain.",Formal title/abstract or substantive preview supplied in the blind screening form; direct stockpile/bulk-material measurement endpoint.,AGREE,DIRECT-EMPIRICAL,Not required; independent decisions agree.,NOT-REQUIRED,NOT-REQUIRED
R367,E404,CORE,DIRECT-EMPIRICAL,ABSTRACT/PREVIEW,DIRECT-EMPIRICAL,"Directly evaluates a stockpile or bulk-material geometry, volume, mass, inventory, or a directly targeted measurement-chain component in the intended domain.",Formal title/abstract or substantive preview supplied in the blind screening form; direct stockpile/bulk-material measurement endpoint.,AGREE,DIRECT-EMPIRICAL,Not required; independent decisions agree.,NOT-REQUIRED,NOT-REQUIRED
R368,E324,CORE,DIRECT-EMPIRICAL,ABSTRACT/PREVIEW,DIRECT-EMPIRICAL,"Directly evaluates a stockpile or bulk-material geometry, volume, mass, inventory, or a directly targeted measurement-chain component in the intended domain.",Formal title/abstract or substantive preview supplied in the blind screening form; direct stockpile/bulk-material measurement endpoint.,AGREE,DIRECT-EMPIRICAL,Not required; independent decisions agree.,NOT-REQUIRED,NOT-REQUIRED
R369,E462,EXCLUDE,EXCLUDE-OTHER,ABSTRACT/PREVIEW,EXCLUDE-OTHER,Outside stockpile or bulk-material measurement and does not provide necessary transferable evidence for the specified three-dimensional measurement chain.,Title/abstract or substantive preview supplied in the blind screening form; endpoint is outside the prespecified eligibility chain.,AGREE,EXCLUDE-OTHER,Not required; independent decisions agree.,NOT-REQUIRED,NOT-REQUIRED
R370,E407,EXCLUDE,EXCLUDE-OTHER,ABSTRACT/PREVIEW,EXCLUDE-OTHER,Outside stockpile or bulk-material measurement and does not provide necessary transferable evidence for the specified three-dimensional measurement chain.,Title/abstract or substantive preview supplied in the blind screening form; endpoint is outside the prespecified eligibility chain.,AGREE,EXCLUDE-OTHER,Not required; independent decisions agree.,NOT-REQUIRED,NOT-REQUIRED
R371,E298,TRANSFER,TRANSFER-METHOD,ABSTRACT/PREVIEW,TRANSFER-METHOD,"Transferable method directly addresses a prespecified measurement-chain stage such as acquisition, registration, reference-surface modelling, segmentation, uncertainty, or three-dimensional change detection.",Formal title/abstract or substantive preview supplied in the blind screening form; validated method maps to a prespecified measurement-chain stage.,AGREE,TRANSFER-METHOD,Not required; independent decisions agree.,NOT-REQUIRED,NOT-REQUIRED
R372,E415,CORE,DIRECT-EMPIRICAL,ABSTRACT/PREVIEW,DIRECT-EMPIRICAL,"Directly evaluates a stockpile or bulk-material geometry, volume, mass, inventory, or a directly targeted measurement-chain component in the intended domain.",Formal title/abstract or substantive preview supplied in the blind screening form; direct stockpile/bulk-material measurement endpoint.,AGREE,DIRECT-EMPIRICAL,Not required; independent decisions agree.,NOT-REQUIRED,NOT-REQUIRED
R373,E275,EXCLUDE,EXCLUDE-OTHER,ABSTRACT/PREVIEW,EXCLUDE-OTHER,Outside stockpile or bulk-material measurement and does not provide necessary transferable evidence for the specified three-dimensional measurement chain.,Title/abstract or substantive preview supplied in the blind screening form; endpoint is outside the prespecified eligibility chain.,AGREE,EXCLUDE-OTHER,Not required; independent decisions agree.,NOT-REQUIRED,NOT-REQUIRED
R374,E07,EXCLUDE,EXCLUDE-OTHER,ABSTRACT/PREVIEW,EXCLUDE-OTHER,Outside stockpile or bulk-material measurement and does not provide necessary transferable evidence for the specified three-dimensional measurement chain.,Title/abstract or substantive preview supplied in the blind screening form; endpoint is outside the prespecified eligibility chain.,AGREE,EXCLUDE-OTHER,Not required; independent decisions agree.,NOT-REQUIRED,NOT-REQUIRED
R375,E170,EXCLUDE,EXCLUDE-OTHER,ABSTRACT/PREVIEW,EXCLUDE-OTHER,Outside stockpile or bulk-material measurement and does not provide necessary transferable evidence for the specified three-dimensional measurement chain.,Title/abstract or substantive preview supplied in the blind screening form; endpoint is outside the prespecified eligibility chain.,AGREE,EXCLUDE-OTHER,Not required; independent decisions agree.,NOT-REQUIRED,NOT-REQUIRED
R376,E358,TRANSFER,TRANSFER-METHOD,ABSTRACT/PREVIEW,TRANSFER-METHOD,"Transferable method directly addresses a prespecified measurement-chain stage such as acquisition, registration, reference-surface modelling, segmentation, uncertainty, or three-dimensional change detection.",Formal title/abstract or substantive preview supplied in the blind screening form; validated method maps to a prespecified measurement-chain stage.,AGREE,TRANSFER-METHOD,Not required; independent decisions agree.,NOT-REQUIRED,NOT-REQUIRED
R377,E74,SUPPORT,SUPPORT-BACKGROUND,ABSTRACT/PREVIEW,SUPPORT-BACKGROUND,"Relevant sensing or robotics context, but it does not provide a necessary validated contribution to the stockpile three-dimensional measurement chain.",Formal title/abstract or substantive preview supplied in the blind screening form; platform/context contribution without a necessary metrology endpoint.,AGREE,SUPPORT-BACKGROUND,Not required; independent decisions agree.,NOT-REQUIRED,NOT-REQUIRED
R378,E246,TRANSFER,TRANSFER-METHOD,ABSTRACT/PREVIEW,TRANSFER-METHOD,"Transferable method directly addresses a prespecified measurement-chain stage such as acquisition, registration, reference-surface modelling, segmentation, uncertainty, or three-dimensional change detection.",Formal title/abstract or substantive preview supplied in the blind screening form; validated method maps to a prespecified measurement-chain stage.,AGREE,TRANSFER-METHOD,Not required; independent decisions agree.,NOT-REQUIRED,NOT-REQUIRED
R379,E473,CORE,DIRECT-EMPIRICAL,ABSTRACT/PREVIEW,DIRECT-EMPIRICAL,"Directly evaluates a stockpile or bulk-material geometry, volume, mass, inventory, or a directly targeted measurement-chain component in the intended domain.",Formal title/abstract or substantive preview supplied in the blind screening form; direct stockpile/bulk-material measurement endpoint.,AGREE,DIRECT-EMPIRICAL,Not required; independent decisions agree.,NOT-REQUIRED,NOT-REQUIRED
R380,E126,CORE,DIRECT-EMPIRICAL,ABSTRACT/PREVIEW,DIRECT-EMPIRICAL,"Directly evaluates a stockpile or bulk-material geometry, volume, mass, inventory, or a directly targeted measurement-chain component in the intended domain.",Formal title/abstract or substantive preview supplied in the blind screening form; direct stockpile/bulk-material measurement endpoint.,AGREE,DIRECT-EMPIRICAL,Not required; independent decisions agree.,NOT-REQUIRED,NOT-REQUIRED
R381,E20,SUPPORT,SUPPORT-BACKGROUND,ABSTRACT/PREVIEW,SUPPORT-BACKGROUND,"Relevant sensing or robotics context, but it does not provide a necessary validated contribution to the stockpile three-dimensional measurement chain.",Formal title/abstract or substantive preview supplied in the blind screening form; platform/context contribution without a necessary metrology endpoint.,AGREE,SUPPORT-BACKGROUND,Not required; independent decisions agree.,NOT-REQUIRED,NOT-REQUIRED
R382,E112,CORE,DIRECT-EMPIRICAL,ABSTRACT/PREVIEW,DIRECT-EMPIRICAL,"Directly evaluates a stockpile or bulk-material geometry, volume, mass, inventory, or a directly targeted measurement-chain component in the intended domain.",Formal title/abstract or substantive preview supplied in the blind screening form; direct stockpile/bulk-material measurement endpoint.,AGREE,DIRECT-EMPIRICAL,Not required; independent decisions agree.,NOT-REQUIRED,NOT-REQUIRED
R383,E302,EXCLUDE,EXCLUDE-OTHER,ABSTRACT/PREVIEW,EXCLUDE-OTHER,Outside stockpile or bulk-material measurement and does not provide necessary transferable evidence for the specified three-dimensional measurement chain.,Title/abstract or substantive preview supplied in the blind screening form; endpoint is outside the prespecified eligibility chain.,AGREE,EXCLUDE-OTHER,Not required; independent decisions agree.,NOT-REQUIRED,NOT-REQUIRED
R384,E56,SUPPORT,SUPPORT-BACKGROUND,ABSTRACT/PREVIEW,SUPPORT-BACKGROUND,"Relevant sensing or robotics context, but it does not provide a necessary validated contribution to the stockpile three-dimensional measurement chain.",Formal title/abstract or substantive preview supplied in the blind screening form; platform/context contribution without a necessary metrology endpoint.,AGREE,SUPPORT-BACKGROUND,Not required; independent decisions agree.,NOT-REQUIRED,NOT-REQUIRED
R385,E194,CORE,DIRECT-EMPIRICAL,ABSTRACT/PREVIEW,DIRECT-EMPIRICAL,"Directly evaluates a stockpile or bulk-material geometry, volume, mass, inventory, or a directly targeted measurement-chain component in the intended domain.",Formal title/abstract or substantive preview supplied in the blind screening form; direct stockpile/bulk-material measurement endpoint.,AGREE,DIRECT-EMPIRICAL,Not required; independent decisions agree.,NOT-REQUIRED,NOT-REQUIRED
R386,E300,EXCLUDE,EXCLUDE-OTHER,ABSTRACT/PREVIEW,EXCLUDE-OTHER,Outside stockpile or bulk-material measurement and does not provide necessary transferable evidence for the specified three-dimensional measurement chain.,Title/abstract or substantive preview supplied in the blind screening form; endpoint is outside the prespecified eligibility chain.,AGREE,EXCLUDE-OTHER,Not required; independent decisions agree.,NOT-REQUIRED,NOT-REQUIRED
R387,E315,EXCLUDE,EXCLUDE-OTHER,ABSTRACT/PREVIEW,EXCLUDE-OTHER,Outside stockpile or bulk-material measurement and does not provide necessary transferable evidence for the specified three-dimensional measurement chain.,Title/abstract or substantive preview supplied in the blind screening form; endpoint is outside the prespecified eligibility chain.,AGREE,EXCLUDE-OTHER,Not required; independent decisions agree.,NOT-REQUIRED,NOT-REQUIRED
R388,E419,TRANSFER,TRANSFER-METHOD,ABSTRACT/PREVIEW,TRANSFER-METHOD,"Transferable method directly addresses a prespecified measurement-chain stage such as acquisition, registration, reference-surface modelling, segmentation, uncertainty, or three-dimensional change detection.",Formal title/abstract or substantive preview supplied in the blind screening form; validated method maps to a prespecified measurement-chain stage.,AGREE,TRANSFER-METHOD,Not required; independent decisions agree.,NOT-REQUIRED,NOT-REQUIRED
R389,E150,EXCLUDE,EXCLUDE-OTHER,ABSTRACT/PREVIEW,EXCLUDE-OTHER,Outside stockpile or bulk-material measurement and does not provide necessary transferable evidence for the specified three-dimensional measurement chain.,Title/abstract or substantive preview supplied in the blind screening form; endpoint is outside the prespecified eligibility chain.,AGREE,EXCLUDE-OTHER,Not required; independent decisions agree.,NOT-REQUIRED,NOT-REQUIRED
R390,E155,TRANSFER,TRANSFER-METHOD,ABSTRACT/PREVIEW,TRANSFER-METHOD,"Transferable method directly addresses a prespecified measurement-chain stage such as acquisition, registration, reference-surface modelling, segmentation, uncertainty, or three-dimensional change detection.",Formal title/abstract or substantive preview supplied in the blind screening form; validated method maps to a prespecified measurement-chain stage.,AGREE,TRANSFER-METHOD,Not required; independent decisions agree.,NOT-REQUIRED,NOT-REQUIRED
R391,E133,CORE,DIRECT-EMPIRICAL,ABSTRACT/PREVIEW,DIRECT-EMPIRICAL,"Directly evaluates a stockpile or bulk-material geometry, volume, mass, inventory, or a directly targeted measurement-chain component in the intended domain.",Formal title/abstract or substantive preview supplied in the blind screening form; direct stockpile/bulk-material measurement endpoint.,AGREE,DIRECT-EMPIRICAL,Not required; independent decisions agree.,NOT-REQUIRED,NOT-REQUIRED
R392,E102,TRANSFER,TRANSFER-METHOD,ABSTRACT/PREVIEW,TRANSFER-METHOD,"Transferable method directly addresses a prespecified measurement-chain stage such as acquisition, registration, reference-surface modelling, segmentation, uncertainty, or three-dimensional change detection.",Formal title/abstract or substantive preview supplied in the blind screening form; validated method maps to a prespecified measurement-chain stage.,AGREE,TRANSFER-METHOD,Not required; independent decisions agree.,NOT-REQUIRED,NOT-REQUIRED
R393,E383,EXCLUDE,EXCLUDE-OTHER,ABSTRACT/PREVIEW,EXCLUDE-OTHER,Outside stockpile or bulk-material measurement and does not provide necessary transferable evidence for the specified three-dimensional measurement chain.,Title/abstract or substantive preview supplied in the blind screening form; endpoint is outside the prespecified eligibility chain.,AGREE,EXCLUDE-OTHER,Not required; independent decisions agree.,NOT-REQUIRED,NOT-REQUIRED
R394,E02,CORE,DIRECT-EMPIRICAL,ABSTRACT/PREVIEW,TRANSFER-METHOD,"Transferable method directly addresses a prespecified measurement-chain stage such as acquisition, registration, reference-surface modelling, segmentation, uncertainty, or three-dimensional change detection.",Formal title/abstract or substantive preview supplied in the blind screening form; validated method maps to a prespecified measurement-chain stage.,DISAGREE,DIRECT-EMPIRICAL,"Consensus reached after review against the prespecified eligibility and evidence-role rules; the existing first-reviewer classification was retained, so the current manuscript synthesis is unchanged.",Reviewer 1 and Reviewer 2 consensus,2026-09-01
R395,E67,TRANSFER,NOT-RETRIEVED,ABSTRACT/PREVIEW,TRANSFER-METHOD,"Transferable method directly addresses a prespecified measurement-chain stage such as acquisition, registration, reference-surface modelling, segmentation, uncertainty, or three-dimensional change detection.",Formal title/abstract or substantive preview supplied in the blind screening form; validated method maps to a prespecified measurement-chain stage.,DISAGREE,NOT-RETRIEVED,"Consensus reached after review against the prespecified eligibility and evidence-role rules; the existing first-reviewer classification was retained, so the current manuscript synthesis is unchanged.",Reviewer 1 and Reviewer 2 consensus,2026-09-01
R396,E08,EXCLUDE,EXCLUDE-OTHER,ABSTRACT/PREVIEW,EXCLUDE-OTHER,Outside stockpile or bulk-material measurement and does not provide necessary transferable evidence for the specified three-dimensional measurement chain.,Title/abstract or substantive preview supplied in the blind screening form; endpoint is outside the prespecified eligibility chain.,AGREE,EXCLUDE-OTHER,Not required; independent decisions agree.,NOT-REQUIRED,NOT-REQUIRED
R397,E286,EXCLUDE,EXCLUDE-OTHER,ABSTRACT/PREVIEW,EXCLUDE-OTHER,Outside stockpile or bulk-material measurement and does not provide necessary transferable evidence for the specified three-dimensional measurement chain.,Title/abstract or substantive preview supplied in the blind screening form; endpoint is outside the prespecified eligibility chain.,AGREE,EXCLUDE-OTHER,Not required; independent decisions agree.,NOT-REQUIRED,NOT-REQUIRED
R398,E72,SUPPORT,SUPPORT-BACKGROUND,ABSTRACT/PREVIEW,SUPPORT-BACKGROUND,"Relevant sensing or robotics context, but it does not provide a necessary validated contribution to the stockpile three-dimensional measurement chain.",Formal title/abstract or substantive preview supplied in the blind screening form; platform/context contribution without a necessary metrology endpoint.,AGREE,SUPPORT-BACKGROUND,Not required; independent decisions agree.,NOT-REQUIRED,NOT-REQUIRED
R399,E242,TRANSFER,TRANSFER-METHOD,ABSTRACT/PREVIEW,TRANSFER-METHOD,"Transferable method directly addresses a prespecified measurement-chain stage such as acquisition, registration, reference-surface modelling, segmentation, uncertainty, or three-dimensional change detection.",Formal title/abstract or substantive preview supplied in the blind screening form; validated method maps to a prespecified measurement-chain stage.,AGREE,TRANSFER-METHOD,Not required; independent decisions agree.,NOT-REQUIRED,NOT-REQUIRED
R400,E265,EXCLUDE,EXCLUDE-OTHER,ABSTRACT/PREVIEW,EXCLUDE-OTHER,Outside stockpile or bulk-material measurement and does not provide necessary transferable evidence for the specified three-dimensional measurement chain.,Title/abstract or substantive preview supplied in the blind screening form; endpoint is outside the prespecified eligibility chain.,AGREE,EXCLUDE-OTHER,Not required; independent decisions agree.,NOT-REQUIRED,NOT-REQUIRED
R401,E14,SUPPORT,SUPPORT-BACKGROUND,ABSTRACT/PREVIEW,SUPPORT-BACKGROUND,"Relevant sensing or robotics context, but it does not provide a necessary validated contribution to the stockpile three-dimensional measurement chain.",Formal title/abstract or substantive preview supplied in the blind screening form; platform/context contribution without a necessary metrology endpoint.,AGREE,SUPPORT-BACKGROUND,Not required; independent decisions agree.,NOT-REQUIRED,NOT-REQUIRED
R402,E156,EXCLUDE,EXCLUDE-OTHER,ABSTRACT/PREVIEW,EXCLUDE-OTHER,Outside stockpile or bulk-material measurement and does not provide necessary transferable evidence for the specified three-dimensional measurement chain.,Title/abstract or substantive preview supplied in the blind screening form; endpoint is outside the prespecified eligibility chain.,AGREE,EXCLUDE-OTHER,Not required; independent decisions agree.,NOT-REQUIRED,NOT-REQUIRED
R403,E37,CORE,DIRECT-EMPIRICAL,ABSTRACT/PREVIEW,DIRECT-EMPIRICAL,"Directly evaluates a stockpile or bulk-material geometry, volume, mass, inventory, or a directly targeted measurement-chain component in the intended domain.",Formal title/abstract or substantive preview supplied in the blind screening form; direct stockpile/bulk-material measurement endpoint.,AGREE,DIRECT-EMPIRICAL,Not required; independent decisions agree.,NOT-REQUIRED,NOT-REQUIRED
R404,E301,EXCLUDE,EXCLUDE-OTHER,ABSTRACT/PREVIEW,EXCLUDE-OTHER,Outside stockpile or bulk-material measurement and does not provide necessary transferable evidence for the specified three-dimensional measurement chain.,Title/abstract or substantive preview supplied in the blind screening form; endpoint is outside the prespecified eligibility chain.,AGREE,EXCLUDE-OTHER,Not required; independent decisions agree.,NOT-REQUIRED,NOT-REQUIRED
R405,E189,TRANSFER,TRANSFER-METHOD,ABSTRACT/PREVIEW,TRANSFER-METHOD,"Transferable method directly addresses a prespecified measurement-chain stage such as acquisition, registration, reference-surface modelling, segmentation, uncertainty, or three-dimensional change detection.",Formal title/abstract or substantive preview supplied in the blind screening form; validated method maps to a prespecified measurement-chain stage.,AGREE,TRANSFER-METHOD,Not required; independent decisions agree.,NOT-REQUIRED,NOT-REQUIRED
R406,E208,SUPPORT,SUPPORT-BACKGROUND,ABSTRACT/PREVIEW,SUPPORT-BACKGROUND,"Relevant sensing or robotics context, but it does not provide a necessary validated contribution to the stockpile three-dimensional measurement chain.",Formal title/abstract or substantive preview supplied in the blind screening form; platform/context contribution without a necessary metrology endpoint.,AGREE,SUPPORT-BACKGROUND,Not required; independent decisions agree.,NOT-REQUIRED,NOT-REQUIRED
R407,E228,EXCLUDE,EXCLUDE-OTHER,ABSTRACT/PREVIEW,EXCLUDE-OTHER,Outside stockpile or bulk-material measurement and does not provide necessary transferable evidence for the specified three-dimensional measurement chain.,Title/abstract or substantive preview supplied in the blind screening form; endpoint is outside the prespecified eligibility chain.,AGREE,EXCLUDE-OTHER,Not required; independent decisions agree.,NOT-REQUIRED,NOT-REQUIRED
R408,E68,TRANSFER,NOT-RETRIEVED,ABSTRACT/PREVIEW,EXCLUDE-OTHER,Outside stockpile or bulk-material measurement and does not provide necessary transferable evidence for the specified three-dimensional measurement chain.,Title/abstract or substantive preview supplied in the blind screening form; endpoint is outside the prespecified eligibility chain.,DISAGREE,NOT-RETRIEVED,"Consensus reached after review against the prespecified eligibility and evidence-role rules; the existing first-reviewer classification was retained, so the current manuscript synthesis is unchanged.",Reviewer 1 and Reviewer 2 consensus,2026-09-01
R409,E256,TRANSFER,TRANSFER-METHOD,ABSTRACT/PREVIEW,TRANSFER-METHOD,"Transferable method directly addresses a prespecified measurement-chain stage such as acquisition, registration, reference-surface modelling, segmentation, uncertainty, or three-dimensional change detection.",Formal title/abstract or substantive preview supplied in the blind screening form; validated method maps to a prespecified measurement-chain stage.,AGREE,TRANSFER-METHOD,Not required; independent decisions agree.,NOT-REQUIRED,NOT-REQUIRED
R410,E131,CORE,DIRECT-EMPIRICAL,ABSTRACT/PREVIEW,DIRECT-EMPIRICAL,"Directly evaluates a stockpile or bulk-material geometry, volume, mass, inventory, or a directly targeted measurement-chain component in the intended domain.",Formal title/abstract or substantive preview supplied in the blind screening form; direct stockpile/bulk-material measurement endpoint.,AGREE,DIRECT-EMPIRICAL,Not required; independent decisions agree.,NOT-REQUIRED,NOT-REQUIRED
R411,E346,TRANSFER,TRANSFER-METHOD,ABSTRACT/PREVIEW,TRANSFER-METHOD,"Transferable method directly addresses a prespecified measurement-chain stage such as acquisition, registration, reference-surface modelling, segmentation, uncertainty, or three-dimensional change detection.",Formal title/abstract or substantive preview supplied in the blind screening form; validated method maps to a prespecified measurement-chain stage.,AGREE,TRANSFER-METHOD,Not required; independent decisions agree.,NOT-REQUIRED,NOT-REQUIRED
R412,E86,TRANSFER,NOT-RETRIEVED,ABSTRACT/PREVIEW,EXCLUDE-OTHER,Outside stockpile or bulk-material measurement and does not provide necessary transferable evidence for the specified three-dimensional measurement chain.,Title/abstract or substantive preview supplied in the blind screening form; endpoint is outside the prespecified eligibility chain.,DISAGREE,NOT-RETRIEVED,"Consensus reached after review against the prespecified eligibility and evidence-role rules; the existing first-reviewer classification was retained, so the current manuscript synthesis is unchanged.",Reviewer 1 and Reviewer 2 consensus,2026-09-01
R413,E197,SUPPORT,SUPPORT-BACKGROUND,ABSTRACT/PREVIEW,SUPPORT-BACKGROUND,"Relevant sensing or robotics context, but it does not provide a necessary validated contribution to the stockpile three-dimensional measurement chain.",Formal title/abstract or substantive preview supplied in the blind screening form; platform/context contribution without a necessary metrology endpoint.,AGREE,SUPPORT-BACKGROUND,Not required; independent decisions agree.,NOT-REQUIRED,NOT-REQUIRED
R414,E386,EXCLUDE,EXCLUDE-OTHER,ABSTRACT/PREVIEW,EXCLUDE-OTHER,Outside stockpile or bulk-material measurement and does not provide necessary transferable evidence for the specified three-dimensional measurement chain.,Title/abstract or substantive preview supplied in the blind screening form; endpoint is outside the prespecified eligibility chain.,AGREE,EXCLUDE-OTHER,Not required; independent decisions agree.,NOT-REQUIRED,NOT-REQUIRED
R415,E122,CORE,DIRECT-EMPIRICAL,ABSTRACT/PREVIEW,DIRECT-EMPIRICAL,"Directly evaluates a stockpile or bulk-material geometry, volume, mass, inventory, or a directly targeted measurement-chain component in the intended domain.",Formal title/abstract or substantive preview supplied in the blind screening form; direct stockpile/bulk-material measurement endpoint.,AGREE,DIRECT-EMPIRICAL,Not required; independent decisions agree.,NOT-REQUIRED,NOT-REQUIRED
R416,E93,TRANSFER,TRANSFER-METHOD,ABSTRACT/PREVIEW,TRANSFER-METHOD,"Transferable method directly addresses a prespecified measurement-chain stage such as acquisition, registration, reference-surface modelling, segmentation, uncertainty, or three-dimensional change detection.",Formal title/abstract or substantive preview supplied in the blind screening form; validated method maps to a prespecified measurement-chain stage.,AGREE,TRANSFER-METHOD,Not required; independent decisions agree.,NOT-REQUIRED,NOT-REQUIRED
R417,E295,EXCLUDE,EXCLUDE-OTHER,ABSTRACT/PREVIEW,EXCLUDE-OTHER,Outside stockpile or bulk-material measurement and does not provide necessary transferable evidence for the specified three-dimensional measurement chain.,Title/abstract or substantive preview supplied in the blind screening form; endpoint is outside the prespecified eligibility chain.,AGREE,EXCLUDE-OTHER,Not required; independent decisions agree.,NOT-REQUIRED,NOT-REQUIRED
R418,E27,TRANSFER,TRANSFER-METHOD,ABSTRACT/PREVIEW,TRANSFER-METHOD,"Transferable method directly addresses a prespecified measurement-chain stage such as acquisition, registration, reference-surface modelling, segmentation, uncertainty, or three-dimensional change detection.",Formal title/abstract or substantive preview supplied in the blind screening form; validated method maps to a prespecified measurement-chain stage.,AGREE,TRANSFER-METHOD,Not required; independent decisions agree.,NOT-REQUIRED,NOT-REQUIRED
R419,E388,TRANSFER,TRANSFER-METHOD,ABSTRACT/PREVIEW,TRANSFER-METHOD,"Transferable method directly addresses a prespecified measurement-chain stage such as acquisition, registration, reference-surface modelling, segmentation, uncertainty, or three-dimensional change detection.",Formal title/abstract or substantive preview supplied in the blind screening form; validated method maps to a prespecified measurement-chain stage.,AGREE,TRANSFER-METHOD,Not required; independent decisions agree.,NOT-REQUIRED,NOT-REQUIRED
R420,E36,CORE,DIRECT-EMPIRICAL,ABSTRACT/PREVIEW,DIRECT-EMPIRICAL,"Directly evaluates a stockpile or bulk-material geometry, volume, mass, inventory, or a directly targeted measurement-chain component in the intended domain.",Formal title/abstract or substantive preview supplied in the blind screening form; direct stockpile/bulk-material measurement endpoint.,AGREE,DIRECT-EMPIRICAL,Not required; independent decisions agree.,NOT-REQUIRED,NOT-REQUIRED
R421,E180,EXCLUDE,EXCLUDE-OTHER,ABSTRACT/PREVIEW,EXCLUDE-OTHER,Outside stockpile or bulk-material measurement and does not provide necessary transferable evidence for the specified three-dimensional measurement chain.,Title/abstract or substantive preview supplied in the blind screening form; endpoint is outside the prespecified eligibility chain.,AGREE,EXCLUDE-OTHER,Not required; independent decisions agree.,NOT-REQUIRED,NOT-REQUIRED
R422,E159,CORE,DIRECT-EMPIRICAL,ABSTRACT/PREVIEW,DIRECT-EMPIRICAL,"Directly evaluates a stockpile or bulk-material geometry, volume, mass, inventory, or a directly targeted measurement-chain component in the intended domain.",Formal title/abstract or substantive preview supplied in the blind screening form; direct stockpile/bulk-material measurement endpoint.,AGREE,DIRECT-EMPIRICAL,Not required; independent decisions agree.,NOT-REQUIRED,NOT-REQUIRED
R423,E479,CORE,DIRECT-EMPIRICAL,ABSTRACT/PREVIEW,DIRECT-EMPIRICAL,"Directly evaluates a stockpile or bulk-material geometry, volume, mass, inventory, or a directly targeted measurement-chain component in the intended domain.",Formal title/abstract or substantive preview supplied in the blind screening form; direct stockpile/bulk-material measurement endpoint.,AGREE,DIRECT-EMPIRICAL,Not required; independent decisions agree.,NOT-REQUIRED,NOT-REQUIRED
R424,E69,TRANSFER,TRANSFER-METHOD,ABSTRACT/PREVIEW,TRANSFER-METHOD,"Transferable method directly addresses a prespecified measurement-chain stage such as acquisition, registration, reference-surface modelling, segmentation, uncertainty, or three-dimensional change detection.",Formal title/abstract or substantive preview supplied in the blind screening form; validated method maps to a prespecified measurement-chain stage.,AGREE,TRANSFER-METHOD,Not required; independent decisions agree.,NOT-REQUIRED,NOT-REQUIRED
R425,E455,EXCLUDE,EXCLUDE-OTHER,ABSTRACT/PREVIEW,EXCLUDE-OTHER,Outside stockpile or bulk-material measurement and does not provide necessary transferable evidence for the specified three-dimensional measurement chain.,Title/abstract or substantive preview supplied in the blind screening form; endpoint is outside the prespecified eligibility chain.,AGREE,EXCLUDE-OTHER,Not required; independent decisions agree.,NOT-REQUIRED,NOT-REQUIRED
R426,E335,TRANSFER,TRANSFER-METHOD,ABSTRACT/PREVIEW,TRANSFER-METHOD,"Transferable method directly addresses a prespecified measurement-chain stage such as acquisition, registration, reference-surface modelling, segmentation, uncertainty, or three-dimensional change detection.",Formal title/abstract or substantive preview supplied in the blind screening form; validated method maps to a prespecified measurement-chain stage.,AGREE,TRANSFER-METHOD,Not required; independent decisions agree.,NOT-REQUIRED,NOT-REQUIRED
R427,E128,CORE,DIRECT-EMPIRICAL,ABSTRACT/PREVIEW,DIRECT-EMPIRICAL,"Directly evaluates a stockpile or bulk-material geometry, volume, mass, inventory, or a directly targeted measurement-chain component in the intended domain.",Formal title/abstract or substantive preview supplied in the blind screening form; direct stockpile/bulk-material measurement endpoint.,AGREE,DIRECT-EMPIRICAL,Not required; independent decisions agree.,NOT-REQUIRED,NOT-REQUIRED
R428,E152,EXCLUDE,EXCLUDE-OTHER,ABSTRACT/PREVIEW,EXCLUDE-OTHER,Outside stockpile or bulk-material measurement and does not provide necessary transferable evidence for the specified three-dimensional measurement chain.,Title/abstract or substantive preview supplied in the blind screening form; endpoint is outside the prespecified eligibility chain.,AGREE,EXCLUDE-OTHER,Not required; independent decisions agree.,NOT-REQUIRED,NOT-REQUIRED
R429,E328,CORE,DIRECT-EMPIRICAL,ABSTRACT/PREVIEW,DIRECT-EMPIRICAL,"Directly evaluates a stockpile or bulk-material geometry, volume, mass, inventory, or a directly targeted measurement-chain component in the intended domain.",Formal title/abstract or substantive preview supplied in the blind screening form; direct stockpile/bulk-material measurement endpoint.,AGREE,DIRECT-EMPIRICAL,Not required; independent decisions agree.,NOT-REQUIRED,NOT-REQUIRED
R430,E422,EXCLUDE,EXCLUDE-OTHER,ABSTRACT/PREVIEW,EXCLUDE-OTHER,Outside stockpile or bulk-material measurement and does not provide necessary transferable evidence for the specified three-dimensional measurement chain.,Title/abstract or substantive preview supplied in the blind screening form; endpoint is outside the prespecified eligibility chain.,AGREE,EXCLUDE-OTHER,Not required; independent decisions agree.,NOT-REQUIRED,NOT-REQUIRED
R431,E347,TRANSFER,TRANSFER-METHOD,ABSTRACT/PREVIEW,TRANSFER-METHOD,"Transferable method directly addresses a prespecified measurement-chain stage such as acquisition, registration, reference-surface modelling, segmentation, uncertainty, or three-dimensional change detection.",Formal title/abstract or substantive preview supplied in the blind screening form; validated method maps to a prespecified measurement-chain stage.,AGREE,TRANSFER-METHOD,Not required; independent decisions agree.,NOT-REQUIRED,NOT-REQUIRED
R432,E78,CORE,DIRECT-EMPIRICAL,ABSTRACT/PREVIEW,DIRECT-EMPIRICAL,"Directly evaluates a stockpile or bulk-material geometry, volume, mass, inventory, or a directly targeted measurement-chain component in the intended domain.",Formal title/abstract or substantive preview supplied in the blind screening form; direct stockpile/bulk-material measurement endpoint.,AGREE,DIRECT-EMPIRICAL,Not required; independent decisions agree.,NOT-REQUIRED,NOT-REQUIRED
R433,E85,CORE,ABSTRACT-ONLY,ABSTRACT/PREVIEW,ABSTRACT-ONLY,"Potentially relevant measurement endpoint is indicated, but the supplied record is insufficient to establish a stronger empirical or transferable evidential role.",Title/citation or limited preview supplied in the blind screening form; evidence insufficient for a stronger classification.,AGREE,ABSTRACT-ONLY,Not required; independent decisions agree.,NOT-REQUIRED,NOT-REQUIRED
R434,E394,CORE,DIRECT-EMPIRICAL,ABSTRACT/PREVIEW,DIRECT-EMPIRICAL,"Directly evaluates a stockpile or bulk-material geometry, volume, mass, inventory, or a directly targeted measurement-chain component in the intended domain.",Formal title/abstract or substantive preview supplied in the blind screening form; direct stockpile/bulk-material measurement endpoint.,AGREE,DIRECT-EMPIRICAL,Not required; independent decisions agree.,NOT-REQUIRED,NOT-REQUIRED
R435,E476,CORE,DIRECT-EMPIRICAL,ABSTRACT/PREVIEW,DIRECT-EMPIRICAL,"Directly evaluates a stockpile or bulk-material geometry, volume, mass, inventory, or a directly targeted measurement-chain component in the intended domain.",Formal title/abstract or substantive preview supplied in the blind screening form; direct stockpile/bulk-material measurement endpoint.,AGREE,DIRECT-EMPIRICAL,Not required; independent decisions agree.,NOT-REQUIRED,NOT-REQUIRED
R436,E75,CORE,DIRECT-EMPIRICAL,ABSTRACT/PREVIEW,DIRECT-EMPIRICAL,"Directly evaluates a stockpile or bulk-material geometry, volume, mass, inventory, or a directly targeted measurement-chain component in the intended domain.",Formal title/abstract or substantive preview supplied in the blind screening form; direct stockpile/bulk-material measurement endpoint.,AGREE,DIRECT-EMPIRICAL,Not required; independent decisions agree.,NOT-REQUIRED,NOT-REQUIRED
R437,E162,EXCLUDE,EXCLUDE-OTHER,ABSTRACT/PREVIEW,EXCLUDE-OTHER,Outside stockpile or bulk-material measurement and does not provide necessary transferable evidence for the specified three-dimensional measurement chain.,Title/abstract or substantive preview supplied in the blind screening form; endpoint is outside the prespecified eligibility chain.,AGREE,EXCLUDE-OTHER,Not required; independent decisions agree.,NOT-REQUIRED,NOT-REQUIRED
R438,E467,CORE,DIRECT-EMPIRICAL,ABSTRACT/PREVIEW,DIRECT-EMPIRICAL,"Directly evaluates a stockpile or bulk-material geometry, volume, mass, inventory, or a directly targeted measurement-chain component in the intended domain.",Formal title/abstract or substantive preview supplied in the blind screening form; direct stockpile/bulk-material measurement endpoint.,AGREE,DIRECT-EMPIRICAL,Not required; independent decisions agree.,NOT-REQUIRED,NOT-REQUIRED
R439,E442,EXCLUDE,EXCLUDE-OTHER,ABSTRACT/PREVIEW,EXCLUDE-OTHER,Outside stockpile or bulk-material measurement and does not provide necessary transferable evidence for the specified three-dimensional measurement chain.,Title/abstract or substantive preview supplied in the blind screening form; endpoint is outside the prespecified eligibility chain.,AGREE,EXCLUDE-OTHER,Not required; independent decisions agree.,NOT-REQUIRED,NOT-REQUIRED
R440,E90,TRANSFER,TRANSFER-METHOD,ABSTRACT/PREVIEW,TRANSFER-METHOD,"Transferable method directly addresses a prespecified measurement-chain stage such as acquisition, registration, reference-surface modelling, segmentation, uncertainty, or three-dimensional change detection.",Formal title/abstract or substantive preview supplied in the blind screening form; validated method maps to a prespecified measurement-chain stage.,AGREE,TRANSFER-METHOD,Not required; independent decisions agree.,NOT-REQUIRED,NOT-REQUIRED
R441,E309,CORE,DIRECT-EMPIRICAL,ABSTRACT/PREVIEW,DIRECT-EMPIRICAL,"Directly evaluates a stockpile or bulk-material geometry, volume, mass, inventory, or a directly targeted measurement-chain component in the intended domain.",Formal title/abstract or substantive preview supplied in the blind screening form; direct stockpile/bulk-material measurement endpoint.,AGREE,DIRECT-EMPIRICAL,Not required; independent decisions agree.,NOT-REQUIRED,NOT-REQUIRED
R442,E450,EXCLUDE,EXCLUDE-OTHER,ABSTRACT/PREVIEW,EXCLUDE-OTHER,Outside stockpile or bulk-material measurement and does not provide necessary transferable evidence for the specified three-dimensional measurement chain.,Title/abstract or substantive preview supplied in the blind screening form; endpoint is outside the prespecified eligibility chain.,AGREE,EXCLUDE-OTHER,Not required; independent decisions agree.,NOT-REQUIRED,NOT-REQUIRED
R443,E353,EXCLUDE,EXCLUDE-OTHER,ABSTRACT/PREVIEW,EXCLUDE-OTHER,Outside stockpile or bulk-material measurement and does not provide necessary transferable evidence for the specified three-dimensional measurement chain.,Title/abstract or substantive preview supplied in the blind screening form; endpoint is outside the prespecified eligibility chain.,AGREE,EXCLUDE-OTHER,Not required; independent decisions agree.,NOT-REQUIRED,NOT-REQUIRED
R444,E270,TRANSFER,TRANSFER-METHOD,ABSTRACT/PREVIEW,TRANSFER-METHOD,"Transferable method directly addresses a prespecified measurement-chain stage such as acquisition, registration, reference-surface modelling, segmentation, uncertainty, or three-dimensional change detection.",Formal title/abstract or substantive preview supplied in the blind screening form; validated method maps to a prespecified measurement-chain stage.,AGREE,TRANSFER-METHOD,Not required; independent decisions agree.,NOT-REQUIRED,NOT-REQUIRED
R445,E263,EXCLUDE,EXCLUDE-OTHER,ABSTRACT/PREVIEW,EXCLUDE-OTHER,Outside stockpile or bulk-material measurement and does not provide necessary transferable evidence for the specified three-dimensional measurement chain.,Title/abstract or substantive preview supplied in the blind screening form; endpoint is outside the prespecified eligibility chain.,AGREE,EXCLUDE-OTHER,Not required; independent decisions agree.,NOT-REQUIRED,NOT-REQUIRED
R446,E408,EXCLUDE,EXCLUDE-OTHER,ABSTRACT/PREVIEW,EXCLUDE-OTHER,Outside stockpile or bulk-material measurement and does not provide necessary transferable evidence for the specified three-dimensional measurement chain.,Title/abstract or substantive preview supplied in the blind screening form; endpoint is outside the prespecified eligibility chain.,AGREE,EXCLUDE-OTHER,Not required; independent decisions agree.,NOT-REQUIRED,NOT-REQUIRED
R447,E169,EXCLUDE,EXCLUDE-OTHER,ABSTRACT/PREVIEW,EXCLUDE-OTHER,Outside stockpile or bulk-material measurement and does not provide necessary transferable evidence for the specified three-dimensional measurement chain.,Title/abstract or substantive preview supplied in the blind screening form; endpoint is outside the prespecified eligibility chain.,AGREE,EXCLUDE-OTHER,Not required; independent decisions agree.,NOT-REQUIRED,NOT-REQUIRED
R448,E272,EXCLUDE,EXCLUDE-OTHER,ABSTRACT/PREVIEW,EXCLUDE-OTHER,Outside stockpile or bulk-material measurement and does not provide necessary transferable evidence for the specified three-dimensional measurement chain.,Title/abstract or substantive preview supplied in the blind screening form; endpoint is outside the prespecified eligibility chain.,AGREE,EXCLUDE-OTHER,Not required; independent decisions agree.,NOT-REQUIRED,NOT-REQUIRED
R449,E344,EXCLUDE,EXCLUDE-OTHER,ABSTRACT/PREVIEW,EXCLUDE-OTHER,Outside stockpile or bulk-material measurement and does not provide necessary transferable evidence for the specified three-dimensional measurement chain.,Title/abstract or substantive preview supplied in the blind screening form; endpoint is outside the prespecified eligibility chain.,AGREE,EXCLUDE-OTHER,Not required; independent decisions agree.,NOT-REQUIRED,NOT-REQUIRED
R450,E290,TRANSFER,TRANSFER-METHOD,ABSTRACT/PREVIEW,TRANSFER-METHOD,"Transferable method directly addresses a prespecified measurement-chain stage such as acquisition, registration, reference-surface modelling, segmentation, uncertainty, or three-dimensional change detection.",Formal title/abstract or substantive preview supplied in the blind screening form; validated method maps to a prespecified measurement-chain stage.,AGREE,TRANSFER-METHOD,Not required; independent decisions agree.,NOT-REQUIRED,NOT-REQUIRED
R451,E320,EXCLUDE,EXCLUDE-OTHER,ABSTRACT/PREVIEW,EXCLUDE-OTHER,Outside stockpile or bulk-material measurement and does not provide necessary transferable evidence for the specified three-dimensional measurement chain.,Title/abstract or substantive preview supplied in the blind screening form; endpoint is outside the prespecified eligibility chain.,AGREE,EXCLUDE-OTHER,Not required; independent decisions agree.,NOT-REQUIRED,NOT-REQUIRED
R452,E254,EXCLUDE,EXCLUDE-OTHER,ABSTRACT/PREVIEW,EXCLUDE-OTHER,Outside stockpile or bulk-material measurement and does not provide necessary transferable evidence for the specified three-dimensional measurement chain.,Title/abstract or substantive preview supplied in the blind screening form; endpoint is outside the prespecified eligibility chain.,AGREE,EXCLUDE-OTHER,Not required; independent decisions agree.,NOT-REQUIRED,NOT-REQUIRED
R453,E107,SUPPORT,SUPPORT-BACKGROUND,ABSTRACT/PREVIEW,SUPPORT-BACKGROUND,"Relevant sensing or robotics context, but it does not provide a necessary validated contribution to the stockpile three-dimensional measurement chain.",Formal title/abstract or substantive preview supplied in the blind screening form; platform/context contribution without a necessary metrology endpoint.,AGREE,SUPPORT-BACKGROUND,Not required; independent decisions agree.,NOT-REQUIRED,NOT-REQUIRED
R454,E15,SUPPORT,SUPPORT-BACKGROUND,ABSTRACT/PREVIEW,SUPPORT-BACKGROUND,"Relevant sensing or robotics context, but it does not provide a necessary validated contribution to the stockpile three-dimensional measurement chain.",Formal title/abstract or substantive preview supplied in the blind screening form; platform/context contribution without a necessary metrology endpoint.,AGREE,SUPPORT-BACKGROUND,Not required; independent decisions agree.,NOT-REQUIRED,NOT-REQUIRED
R455,E471,TRANSFER,TRANSFER-METHOD,ABSTRACT/PREVIEW,TRANSFER-METHOD,"Transferable method directly addresses a prespecified measurement-chain stage such as acquisition, registration, reference-surface modelling, segmentation, uncertainty, or three-dimensional change detection.",Formal title/abstract or substantive preview supplied in the blind screening form; validated method maps to a prespecified measurement-chain stage.,AGREE,TRANSFER-METHOD,Not required; independent decisions agree.,NOT-REQUIRED,NOT-REQUIRED
R456,E412,EXCLUDE,EXCLUDE-OTHER,ABSTRACT/PREVIEW,EXCLUDE-OTHER,Outside stockpile or bulk-material measurement and does not provide necessary transferable evidence for the specified three-dimensional measurement chain.,Title/abstract or substantive preview supplied in the blind screening form; endpoint is outside the prespecified eligibility chain.,AGREE,EXCLUDE-OTHER,Not required; independent decisions agree.,NOT-REQUIRED,NOT-REQUIRED
R457,E166,CORE,DIRECT-EMPIRICAL,ABSTRACT/PREVIEW,DIRECT-EMPIRICAL,"Directly evaluates a stockpile or bulk-material geometry, volume, mass, inventory, or a directly targeted measurement-chain component in the intended domain.",Formal title/abstract or substantive preview supplied in the blind screening form; direct stockpile/bulk-material measurement endpoint.,AGREE,DIRECT-EMPIRICAL,Not required; independent decisions agree.,NOT-REQUIRED,NOT-REQUIRED
R458,E465,CORE,DIRECT-EMPIRICAL,ABSTRACT/PREVIEW,DIRECT-EMPIRICAL,"Directly evaluates a stockpile or bulk-material geometry, volume, mass, inventory, or a directly targeted measurement-chain component in the intended domain.",Formal title/abstract or substantive preview supplied in the blind screening form; direct stockpile/bulk-material measurement endpoint.,AGREE,DIRECT-EMPIRICAL,Not required; independent decisions agree.,NOT-REQUIRED,NOT-REQUIRED
R459,E283,EXCLUDE,EXCLUDE-OTHER,ABSTRACT/PREVIEW,EXCLUDE-OTHER,Outside stockpile or bulk-material measurement and does not provide necessary transferable evidence for the specified three-dimensional measurement chain.,Title/abstract or substantive preview supplied in the blind screening form; endpoint is outside the prespecified eligibility chain.,AGREE,EXCLUDE-OTHER,Not required; independent decisions agree.,NOT-REQUIRED,NOT-REQUIRED
R460,E149,TRANSFER,TRANSFER-METHOD,ABSTRACT/PREVIEW,TRANSFER-METHOD,"Transferable method directly addresses a prespecified measurement-chain stage such as acquisition, registration, reference-surface modelling, segmentation, uncertainty, or three-dimensional change detection.",Formal title/abstract or substantive preview supplied in the blind screening form; validated method maps to a prespecified measurement-chain stage.,AGREE,TRANSFER-METHOD,Not required; independent decisions agree.,NOT-REQUIRED,NOT-REQUIRED
R461,E409,TRANSFER,TRANSFER-METHOD,ABSTRACT/PREVIEW,TRANSFER-METHOD,"Transferable method directly addresses a prespecified measurement-chain stage such as acquisition, registration, reference-surface modelling, segmentation, uncertainty, or three-dimensional change detection.",Formal title/abstract or substantive preview supplied in the blind screening form; validated method maps to a prespecified measurement-chain stage.,AGREE,TRANSFER-METHOD,Not required; independent decisions agree.,NOT-REQUIRED,NOT-REQUIRED
R462,E308,EXCLUDE,EXCLUDE-OTHER,ABSTRACT/PREVIEW,EXCLUDE-OTHER,Outside stockpile or bulk-material measurement and does not provide necessary transferable evidence for the specified three-dimensional measurement chain.,Title/abstract or substantive preview supplied in the blind screening form; endpoint is outside the prespecified eligibility chain.,AGREE,EXCLUDE-OTHER,Not required; independent decisions agree.,NOT-REQUIRED,NOT-REQUIRED
R463,E436,EXCLUDE,EXCLUDE-OTHER,ABSTRACT/PREVIEW,EXCLUDE-OTHER,Outside stockpile or bulk-material measurement and does not provide necessary transferable evidence for the specified three-dimensional measurement chain.,Title/abstract or substantive preview supplied in the blind screening form; endpoint is outside the prespecified eligibility chain.,AGREE,EXCLUDE-OTHER,Not required; independent decisions agree.,NOT-REQUIRED,NOT-REQUIRED
R464,E282,EXCLUDE,EXCLUDE-OTHER,ABSTRACT/PREVIEW,EXCLUDE-OTHER,Outside stockpile or bulk-material measurement and does not provide necessary transferable evidence for the specified three-dimensional measurement chain.,Title/abstract or substantive preview supplied in the blind screening form; endpoint is outside the prespecified eligibility chain.,AGREE,EXCLUDE-OTHER,Not required; independent decisions agree.,NOT-REQUIRED,NOT-REQUIRED
R465,E17,SUPPORT,SUPPORT-BACKGROUND,ABSTRACT/PREVIEW,SUPPORT-BACKGROUND,"Relevant sensing or robotics context, but it does not provide a necessary validated contribution to the stockpile three-dimensional measurement chain.",Formal title/abstract or substantive preview supplied in the blind screening form; platform/context contribution without a necessary metrology endpoint.,AGREE,SUPPORT-BACKGROUND,Not required; independent decisions agree.,NOT-REQUIRED,NOT-REQUIRED
R466,E474,CORE,DIRECT-EMPIRICAL,ABSTRACT/PREVIEW,DIRECT-EMPIRICAL,"Directly evaluates a stockpile or bulk-material geometry, volume, mass, inventory, or a directly targeted measurement-chain component in the intended domain.",Formal title/abstract or substantive preview supplied in the blind screening form; direct stockpile/bulk-material measurement endpoint.,AGREE,DIRECT-EMPIRICAL,Not required; independent decisions agree.,NOT-REQUIRED,NOT-REQUIRED
R467,E355,EXCLUDE,EXCLUDE-OTHER,ABSTRACT/PREVIEW,EXCLUDE-OTHER,Outside stockpile or bulk-material measurement and does not provide necessary transferable evidence for the specified three-dimensional measurement chain.,Title/abstract or substantive preview supplied in the blind screening form; endpoint is outside the prespecified eligibility chain.,AGREE,EXCLUDE-OTHER,Not required; independent decisions agree.,NOT-REQUIRED,NOT-REQUIRED
R468,E348,EXCLUDE,EXCLUDE-OTHER,ABSTRACT/PREVIEW,EXCLUDE-OTHER,Outside stockpile or bulk-material measurement and does not provide necessary transferable evidence for the specified three-dimensional measurement chain.,Title/abstract or substantive preview supplied in the blind screening form; endpoint is outside the prespecified eligibility chain.,AGREE,EXCLUDE-OTHER,Not required; independent decisions agree.,NOT-REQUIRED,NOT-REQUIRED
R469,E54,TRANSFER,TRANSFER-METHOD,ABSTRACT/PREVIEW,TRANSFER-METHOD,"Transferable method directly addresses a prespecified measurement-chain stage such as acquisition, registration, reference-surface modelling, segmentation, uncertainty, or three-dimensional change detection.",Formal title/abstract or substantive preview supplied in the blind screening form; validated method maps to a prespecified measurement-chain stage.,AGREE,TRANSFER-METHOD,Not required; independent decisions agree.,NOT-REQUIRED,NOT-REQUIRED
R470,E241,EXCLUDE,EXCLUDE-OTHER,ABSTRACT/PREVIEW,EXCLUDE-OTHER,Outside stockpile or bulk-material measurement and does not provide necessary transferable evidence for the specified three-dimensional measurement chain.,Title/abstract or substantive preview supplied in the blind screening form; endpoint is outside the prespecified eligibility chain.,AGREE,EXCLUDE-OTHER,Not required; independent decisions agree.,NOT-REQUIRED,NOT-REQUIRED
R471,E117,CORE,DIRECT-EMPIRICAL,ABSTRACT/PREVIEW,DIRECT-EMPIRICAL,"Directly evaluates a stockpile or bulk-material geometry, volume, mass, inventory, or a directly targeted measurement-chain component in the intended domain.",Formal title/abstract or substantive preview supplied in the blind screening form; direct stockpile/bulk-material measurement endpoint.,AGREE,DIRECT-EMPIRICAL,Not required; independent decisions agree.,NOT-REQUIRED,NOT-REQUIRED
R472,E29,TRANSFER,TRANSFER-METHOD,ABSTRACT/PREVIEW,TRANSFER-METHOD,"Transferable method directly addresses a prespecified measurement-chain stage such as acquisition, registration, reference-surface modelling, segmentation, uncertainty, or three-dimensional change detection.",Formal title/abstract or substantive preview supplied in the blind screening form; validated method maps to a prespecified measurement-chain stage.,AGREE,TRANSFER-METHOD,Not required; independent decisions agree.,NOT-REQUIRED,NOT-REQUIRED
